run,df_glucose,df_propane
0,0.1467032006,0.0910950589
1,0.1407164759,0.102738249
2,0.139264822,0.084748837
3,0.138104903,0.0978839825
4,0.1378164716,0.0852888525
5,0.135029428,0.090673059
6,0.1535705309,0.0859278269
7,0.1388837207,0.08565409
8,0.1459752829,0.0913226057
9,0.1454865234,0.0835040625
10,0.1330225857,0.0839659861
11,0.1416504262,0.0925521358
12,0.1499717061,0.0839280423
13,0.1413839114,0.0850827473
14,0.1573695861,0.0965118226
15,0.1566710718,0.097902154
16,0.1408952028,0.0935295356
17,0.1409329252,0.0940852595
18,0.1442017656,0.0891470838
19,0.1384032152,0.0867450911
20,0.1387656398,0.0952370579
21,0.1418456186,0.0872679745
22,0.1453752876,0.0878120279
23,0.1385132818,0.0874249648
24,0.1406416455,0.0903457041
25,0.1392821206,0.0860308462
26,0.1378324675,0.0832191747
27,0.136287283,0.0854669574
28,0.1416521417,0.0843964454
29,0.1629863654,0.0924747394
30,0.1347371915,0.0873240292
31,0.1486326127,0.0852399349
32,0.1439828122,0.0946026131
33,0.1364770819,0.1044167721
34,0.150588646,0.0919929879
35,0.1446667088,0.0827728139
36,0.1409190442,0.0963057671
37,0.1352213446,0.0917618661
38,0.1547122879,0.0878969665
39,0.1382126212,0.0843040002
40,0.1441809425,0.0922524103
41,0.1423086497,0.0860441538
42,0.1384229921,0.0851374641
43,0.1356273301,0.0839722552
44,0.1357974218,0.0990090951
45,0.1447218008,0.0903423883
46,0.1362178259,0.092460681
47,0.1365221456,0.0834622077
48,0.1573520919,0.1019130675
49,0.1358792527,0.093947338
50,0.1532310709,0.090792927
51,0.1354752364,0.115499406
52,0.1367780228,0.0949914623
53,0.1427338004,0.0834414803
54,0.138622565,0.0847505929
55,0.1466955051,0.0916957065
56,0.1345875242,0.0899064881
57,0.1440480429,0.0850413502
58,0.1357395642,0.0870002722
59,0.1434345993,0.0947632351
60,0.1353183027,0.0987835491
61,0.1462832317,0.1001437362
62,0.1427946648,0.0845973901
63,0.1478400869,0.0864241085
64,0.1453801217,0.0890653504
65,0.1448635106,0.0886598262
66,0.1463394015,0.0853283082
67,0.14161405,0.084128991
68,0.1364283418,0.0873182048
69,0.1336863822,0.0842165719
70,0.1360502369,0.0945977562
71,0.1341907803,0.0893172882
72,0.1485522185,0.0838265722
73,0.1462870505,0.0866029351
74,0.1374692661,0.0874403054
75,0.1378022977,0.088673867
76,0.152891444,0.1004069742
77,0.1529177648,0.0877181792
78,0.1362611951,0.0833420888
79,0.1464069218,0.0962937743
80,0.1419573359,0.1014552607
81,0.1387559574,0.0989223784
82,0.1535536334,0.1068904137
83,0.148924359,0.0926873477
84,0.1492021042,0.0877109369
85,0.1578713055,0.1024809804
86,0.1478438914,0.1076176329
87,0.1581117603,0.0926798798
88,0.1382953194,0.0861641721
89,0.1446430982,0.092064882
90,0.1473875901,0.083691206
91,0.1488358388,0.0947994943
92,0.1363182953,0.0950981895
93,0.1458100778,0.105932647
94,0.1413774362,0.0968261762
95,0.1357956787,0.0880243121
96,0.1509422094,0.0879821883
97,0.1454905824,0.1001436822
98,0.1393771248,0.0937600794
99,0.1504860273,0.0858851405
100,0.1410104988,0.0869504052
101,0.1429020992,0.0850794411
102,0.142550211,0.087507216
103,0.1365799743,0.0866278595
104,0.1400453477,0.082982787
105,0.1356308945,0.0910548799
106,0.1415855507,0.083314513
107,0.136085942,0.0983022409
108,0.1397663961,0.086610486
109,0.1491764756,0.0894018702
110,0.1394783265,0.0884461365
111,0.147959846,0.0868692006
112,0.1505379556,0.0828294445
113,0.145828386,0.0922683279
114,0.1388490068,0.0876363878
115,0.1527033619,0.0851012411
116,0.1396763729,0.0864772273
117,0.1476069033,0.0856198436
118,0.1455310448,0.0857914242
119,0.1449686982,0.0924730334
120,0.1477372455,0.0858206102
121,0.1465763324,0.0832122945
122,0.1425640125,0.0929006873
123,0.1505367613,0.1060459809
124,0.1463656094,0.0969263983
125,0.1421375214,0.0850255673
126,0.1427995038,0.0886883507
127,0.1378659655,0.0823620905
128,0.1365321611,0.0863701774
129,0.1434884775,0.0947670006
130,0.1370645935,0.0944500979
131,0.1454391005,0.0850628231
132,0.1429044773,0.0844012937
133,0.1571893641,0.088317178
134,0.1352169771,0.0907326216
135,0.1378170137,0.0854875275
136,0.1362501117,0.0839046434
137,0.1371953132,0.0909769265
138,0.146619968,0.0864698861
139,0.1457763705,0.0866576931
140,0.1434745889,0.1012637142
141,0.1552086483,0.0873947902
142,0.1441398189,0.095190217
143,0.1441108803,0.0911428023
144,0.1501146244,0.0851129266
145,0.1339066597,0.0841763638
146,0.1501279667,0.0912457733
147,0.1436417561,0.088757478
148,0.1367939831,0.0905746942
149,0.1409438818,0.0924666733
150,0.1370202772,0.0911631207
151,0.1493137309,0.0962019298
152,0.1772045062,0.0950521464
153,0.1355879721,0.08292862
154,0.1346562772,0.0897581207
155,0.1346170331,0.0835373185
156,0.1728922038,0.0848476577
157,0.1467440724,0.0844770906
158,0.1388063411,0.0924459014
159,0.1578245608,0.0949168296
160,0.1385407636,0.08511631
161,0.1373512644,0.0888584703
162,0.1402805053,0.0861093937
163,0.1417169122,0.0864562061
164,0.1439649995,0.0863544044
165,0.1351488022,0.0908869599
166,0.1408849158,0.0859439246
167,0.1425929682,0.0837146431
168,0.1386644378,0.0852665033
169,0.1416311998,0.0826097232
170,0.1367928832,0.0856646557
171,0.1383169477,0.0839831559
172,0.1418146066,0.0910851994
173,0.1420280639,0.0856785349
174,0.1436189328,0.0863220947
175,0.1340918528,0.09286076
176,0.1358652766,0.1026264338
177,0.1396655464,0.0859258912
178,0.1353944987,0.0898384478
179,0.1351587089,0.0882733281
180,0.1381759622,0.0821617489
181,0.1355925137,0.0881246126
182,0.1426094774,0.0997710962
183,0.1397331632,0.0843844622
184,0.1365813716,0.0866112548
185,0.145360347,0.0867975717
186,0.1477811066,0.0915860957
187,0.1542491484,0.0859773305
188,0.1389808881,0.0901123652
189,0.1374714603,0.0857239879
190,0.1378973826,0.0849886308
191,0.1430963949,0.0856249732
192,0.1359698891,0.0835859755
193,0.1376807062,0.0888625643
194,0.1436517717,0.0975917289
195,0.1487820512,0.0930565853
196,0.1395612299,0.085708716
197,0.1355334849,0.0847984326
198,0.1373907272,0.0901841638
199,0.1380442708,0.0933142316
200,0.1418396764,0.0917732384
201,0.1432064981,0.0869145468
202,0.1367086475,0.095648424
203,0.1461695066,0.0908741121
204,0.1403273114,0.0925192833
205,0.1392687825,0.0848174368
206,0.1465794104,0.0835291736
207,0.1643660531,0.0868888574
208,0.1381625413,0.0860517305
209,0.1409262794,0.0852203226
210,0.1380406279,0.0853044271
211,0.1414358433,0.0848877977
212,0.1402085421,0.1034669508
213,0.1648955296,0.0877576858
214,0.1384054071,0.0882020711
215,0.1402310227,0.0826791289
216,0.1454628625,0.0928702653
217,0.1434089636,0.08816849
218,0.1360816683,0.0852728277
219,0.1515952385,0.0916260362
220,0.1479495895,0.0840937053
221,0.1375535307,0.0839299474
222,0.1607116074,0.0883879669
223,0.1359175468,0.0957764184
224,0.1659106528,0.0852457174
225,0.1393874944,0.0885669257
226,0.1359227334,0.1030152017
227,0.1371616235,0.0896773931
228,0.1367911739,0.1069465477
229,0.1473649191,0.0889884607
230,0.1464763574,0.083160787
231,0.1422323944,0.0937117985
232,0.1373751123,0.118780808
233,0.1397321442,0.0885709376
234,0.1464448915,0.1003789253
235,0.1404820591,0.0884351105
236,0.1414982906,0.0847196878
237,0.1350065925,0.0937179119
238,0.1437876531,0.0876891475
239,0.1377732616,0.1131475639
240,0.1450462648,0.0930295168
241,0.1442906706,0.0862101422
242,0.1480935536,0.0897815458
243,0.1396489406,0.0907242668
244,0.1429930275,0.0961791796
245,0.171267778,0.0857609896
246,0.1433010842,0.0888603149
247,0.1344044288,0.0844155288
248,0.1399646783,0.1047116994
249,0.1580699516,0.0886196427
250,0.1457188915,0.0869546845
251,0.1552134781,0.0965489992
252,0.1359992963,0.0863846855
253,0.1362629638,0.0869138866
254,0.1402374724,0.0874474681
255,0.1370976215,0.090299962
256,0.1424063938,0.0853462909
257,0.1369895097,0.1012642056
258,0.140438522,0.135287246
259,0.1477991852,0.0901240182
260,0.1494575523,0.0868169873
261,0.14608575,0.1057319
262,0.1465434194,0.0883150427
263,0.1384301516,0.0834719728
264,0.1440130968,0.0859798753
265,0.1660103047,0.0843838784
266,0.1454945983,0.0864515886
267,0.1682516233,0.0847645856
268,0.1434450619,0.0872052032
269,0.1356090046,0.0860171348
270,0.1353545315,0.0867620017
271,0.1643161979,0.0849966487
272,0.1424322815,0.084897602
273,0.1372941761,0.0856620906
274,0.1551195758,0.0964311021
275,0.1406087022,0.0854167545
276,0.1423506506,0.092676452
277,0.1426759737,0.0967460796
278,0.1430460744,0.0922211026
279,0.137011249,0.0873943132
280,0.1491603205,0.0882903972
281,0.1363159519,0.0826687057
282,0.1367571456,0.0905955636
283,0.1392006597,0.0926733254
284,0.1442371408,0.0869953182
285,0.1366603571,0.0941362584
286,0.1474903012,0.0916684769
287,0.1366923368,0.0833177606
288,0.150608532,0.0846368981
289,0.1362671188,0.0928193818
290,0.1489973841,0.0842300997
291,0.1433369589,0.1056235448
292,0.1590240987,0.0886906399
293,0.1388566893,0.0843189627
294,0.1390575904,0.0886077196
295,0.1413210068,0.0856431075
296,0.1354590397,0.0841969695
297,0.1380777504,0.0845829502
298,0.1418118517,0.0828979189
299,0.1357874675,0.096517246
300,0.1412211353,0.0847494834
301,0.1374906972,0.0867005855
302,0.138015034,0.0833387279
303,0.1451133842,0.0896066588
304,0.1483467372,0.0868599791
305,0.1649033895,0.0870609579
306,0.1363841885,0.0939107525
307,0.1511748587,0.0983367943
308,0.1521763466,0.0851107166
309,0.142589534,0.0827006207
310,0.1436148163,0.0846628692
311,0.1433426256,0.0942846368
312,0.140901898,0.0856044471
313,0.1391385439,0.1043332994
314,0.1375369122,0.0909626192
315,0.158627568,0.090482606
316,0.1388637332,0.1109911771
317,0.1371889718,0.1166408623
318,0.1364781172,0.0828784736
319,0.1337627273,0.0841946335
320,0.1529533132,0.0836324766
321,0.1400269317,0.0996747859
322,0.1554708963,0.0997918071
323,0.1441803131,0.088645063
324,0.1676857072,0.1028802659
325,0.1402645097,0.0829146752
326,0.1474419187,0.1015458087
327,0.1403022162,0.0847771281
328,0.1579147193,0.0844937012
329,0.1530247462,0.0972216952
330,0.1395858877,0.0857653693
331,0.1495725634,0.0830250667
332,0.1576330599,0.0846257146
333,0.146808373,0.0856681864
334,0.1420328714,0.08970183
335,0.1511754662,0.0941182269
336,0.1483456626,0.0874115914
337,0.1389597663,0.1029880878
338,0.1478204552,0.0830537517
339,0.1425483904,0.0835303282
340,0.134612429,0.0837169183
341,0.1684191241,0.0867591231
342,0.1443135179,0.0956457651
343,0.146349002,0.0831544505
344,0.1391764865,0.0913309148
345,0.1388653925,0.0848554222
346,0.145925321,0.0876574602
347,0.1458052753,0.0945444594
348,0.1426276956,0.0870009012
349,0.1590417355,0.0938946442
350,0.1442577116,0.0833544726
351,0.1604040517,0.0922294558
352,0.1364060638,0.0833682991
353,0.1441052767,0.0897116657
354,0.1349733057,0.0938708965
355,0.1479880187,0.0862086924
356,0.1342135166,0.0905332142
357,0.1722718587,0.0929932794
358,0.1402414389,0.085779495
359,0.1365459166,0.0833070384
360,0.1445328665,0.0888720179
361,0.1465345065,0.0841415707
362,0.1428292107,0.0888135362
363,0.1372993771,0.0855758693
364,0.1440778962,0.0905756583
365,0.1494856428,0.0851487774
366,0.1473333072,0.1032108932
367,0.16994897,0.0871592937
368,0.1385479237,0.0835402763
369,0.1386113642,0.0956652133
370,0.1369067798,0.1014766129
371,0.139490411,0.0845932683
372,0.1444177508,0.0853235146
373,0.1353407384,0.0901990442
374,0.1354304357,0.0902080389
375,0.1411964928,0.0870407794
376,0.1545373235,0.0853640343
377,0.1353639648,0.0935415336
378,0.1371609827,0.0923892324
379,0.1505840881,0.0872707706
380,0.1424811646,0.0913771675
381,0.1343405277,0.0916041974
382,0.1427597424,0.0866043289
383,0.1541582533,0.0843314021
384,0.1430902912,0.0943690807
385,0.1378491278,0.0832271982
386,0.1488133955,0.0916541344
387,0.1388023877,0.0925642976
388,0.1461218952,0.0863548382
389,0.1527855481,0.0829665319
390,0.1414950829,0.0917891581
391,0.1428185328,0.0866640875
392,0.1354039419,0.1261404536
393,0.142059948,0.0898582473
394,0.1463976528,0.0883063701
395,0.1351360722,0.0889749304
396,0.1392609804,0.0844501352
397,0.1343216355,0.0903774857
398,0.139730231,0.0905681936
399,0.1401521657,0.0935319338
400,0.1738483224,0.0829705411
401,0.1491540826,0.1142876792
402,0.1399204981,0.0865394703
403,0.1367316033,0.0974484852
404,0.1372134268,0.0913696295
405,0.1518200259,0.0952580042
406,0.1454875317,0.0881623182
407,0.1451449457,0.0850524085
408,0.1508200933,0.0969860939
409,0.1433023428,0.0829333114
410,0.1387857868,0.0867596168
411,0.1381799797,0.1044445489
412,0.1441551593,0.0835333312
413,0.1411680751,0.0869625479
414,0.1423611621,0.0851599189
415,0.1369947644,0.0868030579
416,0.1499440034,0.0865722831
417,0.1403954239,0.0844112005
418,0.1463406828,0.1023699143
419,0.1352628902,0.0899314958
420,0.1514444316,0.0843388653
421,0.1376118072,0.0880669555
422,0.1455835918,0.0957716625
423,0.1392153992,0.0841425088
424,0.1506536108,0.109425347
425,0.1430671215,0.0867834767
426,0.1378761951,0.0883854735
427,0.139449917,0.0845770091
428,0.1567038853,0.0895056015
429,0.1364899599,0.0831664597
430,0.137247115,0.0865063076
431,0.1382597236,0.1058693467
432,0.143368888,0.0830228396
433,0.1431467419,0.0839774417
434,0.1432727434,0.0827395253
435,0.1421100799,0.0952251681
436,0.1407510667,0.0854592457
437,0.1380307357,0.0992727415
438,0.1445212579,0.0842657328
439,0.1375907746,0.0934488268
440,0.1519262546,0.0857654824
441,0.1341866096,0.0852155641
442,0.1426941708,0.0899433099
443,0.1527947802,0.0902602081
444,0.1523720817,0.0845374175
445,0.1472380856,0.0984093184
446,0.1532661748,0.0920193883
447,0.1341212138,0.1110304149
448,0.1487956364,0.0839428559
449,0.1451423057,0.0852262549
450,0.1407102907,0.0951143337
451,0.1636904298,0.0824941018
452,0.1477450413,0.0861147273
453,0.1444743619,0.0878674624
454,0.1413522894,0.0858815119
455,0.1468455035,0.0967509546
456,0.1364120298,0.0945968738
457,0.1369392901,0.0840095059
458,0.1451660133,0.0995502447
459,0.1348671613,0.0898018754
460,0.1388098902,0.09267174
461,0.1466557716,0.0839591164
462,0.1477528063,0.0850916316
463,0.140827012,0.0927534792
464,0.1460673044,0.1045016195
465,0.1450963817,0.0871959551
466,0.1405792438,0.0957669065
467,0.1366879837,0.0844459167
468,0.1420965079,0.0856088805
469,0.1682429595,0.0856054745
470,0.1511258628,0.0856750763
471,0.1352450195,0.0887870162
472,0.1591950316,0.096391697
473,0.1372769891,0.0928019718
474,0.1407459717,0.0842188811
475,0.1413264987,0.0920182629
476,0.1418004061,0.084642108
477,0.1344155022,0.0949947261
478,0.1409933092,0.0869558505
479,0.1518347114,0.0890323247
480,0.1383502384,0.0940035372
481,0.1372111924,0.0874595595
482,0.1386832294,0.0960003533
483,0.1505283162,0.0901731177
484,0.13628437,0.095087279
485,0.1365162087,0.0824071882
486,0.139808541,0.0842574431
487,0.1531365142,0.1095316914
488,0.1367352147,0.0943309433
489,0.1411182728,0.1084660629
490,0.1363636563,0.0831959363
491,0.1370797158,0.083882688
492,0.1411161619,0.0887784443
493,0.1457093355,0.0825244681
494,0.143719275,0.0856052402
495,0.1343942577,0.0829357324
496,0.139094428,0.0860961986
497,0.1390499189,0.0860401054
498,0.1461964896,0.0902190875
499,0.1399775627,0.0837707816
500,0.1430172758,0.0878647802
501,0.1462044562,0.0918507141
502,0.1412440205,0.1063595045
503,0.1347737022,0.0851467217
504,0.1373014338,0.0864387704
505,0.1349438388,0.13073584
506,0.135046894,0.1106178344
507,0.1460527244,0.0831780422
508,0.1723365684,0.0911523902
509,0.135436393,0.0989534819
510,0.1400573483,0.0840476212
511,0.1405667385,0.083449653
512,0.1380311014,0.0975518914
513,0.1662345507,0.0879717388
514,0.1489509521,0.0943133953
515,0.1418904418,0.0881683079
516,0.1435661564,0.083945723
517,0.1438674686,0.0964568733
518,0.1445518913,0.0876542073
519,0.1390976751,0.0900944916
520,0.1438409548,0.103979867
521,0.1408976765,0.085517028
522,0.144179448,0.0896084272
523,0.1458311746,0.082652686
524,0.1385809166,0.0824575617
525,0.1488152483,0.0871381315
526,0.1439535407,0.086281508
527,0.1357481054,0.0851052705
528,0.1352181081,0.0900501747
529,0.1388585876,0.0888726105
530,0.1425326054,0.0912974006
531,0.1485150727,0.0896767218
532,0.1414915262,0.092355289
533,0.1392584256,0.0852040228
534,0.1367662121,0.0871353582
535,0.1404264982,0.0868126356
536,0.1473755652,0.087490378
537,0.1496445143,0.0891418294
538,0.1337390512,0.0853207214
539,0.1598206207,0.0869269354
540,0.1347086035,0.0893416295
541,0.1434005861,0.0872406735
542,0.1441064464,0.0970675743
543,0.1518038054,0.0980725255
544,0.1497718083,0.0904320341
545,0.1460670817,0.0849347908
546,0.1398446598,0.0878545432
547,0.14218335,0.0927309173
548,0.147015342,0.0841049215
549,0.1441224341,0.0839877217
550,0.1485262483,0.0829294776
551,0.1386921948,0.0850734171
552,0.1475594144,0.0922382061
553,0.1643910507,0.0882606609
554,0.1382753586,0.1029732984
555,0.1391301019,0.0882062612
556,0.1362047631,0.0839977182
557,0.1461984819,0.0899382535
558,0.1431374556,0.0921343444
559,0.1436139057,0.0845227602
560,0.1342732269,0.1047390412
561,0.1579584793,0.1057601455
562,0.1526941781,0.0818664596
563,0.1336562177,0.0897053117
564,0.1409759327,0.0976545346
565,0.1432402646,0.0859494917
566,0.139452466,0.0936101984
567,0.1431229255,0.0921263089
568,0.1382767036,0.0841627041
569,0.1431192261,0.0922133514
570,0.1409506941,0.0874596666
571,0.1488910281,0.0866176676
572,0.1488322425,0.0858311057
573,0.1391748803,0.0833215842
574,0.1401500102,0.1075995316
575,0.1461449466,0.0851929005
576,0.1501587283,0.0856856266
577,0.1366012151,0.0937088447
578,0.1445398385,0.0836387653
579,0.1384908722,0.0993747966
580,0.1450778791,0.0962965489
581,0.149546324,0.0918233626
582,0.1326212168,0.0881086916
583,0.1422175647,0.0853051778
584,0.133902621,0.0998012454
585,0.1459992524,0.0842097308
586,0.1444321825,0.0883206859
587,0.1337464068,0.0916468341
588,0.1405870302,0.116246745
589,0.1358031805,0.0853758521
590,0.1367745566,0.0905075152
591,0.1403465635,0.0847423092
592,0.1577374595,0.0955785553
593,0.1496444747,0.1018614206
594,0.140169135,0.0867123847
595,0.1357347063,0.1003440307
596,0.1676403964,0.0904902888
597,0.160163956,0.0843916411
598,0.138724771,0.0852783877
599,0.146743946,0.0907422078
600,0.141696196,0.0844485545
601,0.1838262994,0.08736947
602,0.1489372229,0.0926353406
603,0.1342164932,0.0903426173
604,0.1403671361,0.0918065588
605,0.1491927498,0.0886905354
606,0.138334191,0.0996381613
607,0.1374832769,0.0857387263
608,0.1480582937,0.1170891108
609,0.1368981325,0.1008963257
610,0.1438683723,0.09342776
611,0.140461345,0.088178812
612,0.1372414808,0.0840305703
613,0.1461042213,0.0989393026
614,0.1410151828,0.0840475386
615,0.1385147611,0.0827788115
616,0.1377714341,0.0882465331
617,0.1350128236,0.1390345573
618,0.1438784995,0.086889752
619,0.143687552,0.0982405544
620,0.1442169786,0.086029982
621,0.1409671587,0.08603709
622,0.1558193693,0.093002071
623,0.1381252297,0.0854264548
624,0.1376538525,0.0873363157
625,0.1378950449,0.0827160224
626,0.1362602187,0.0898027505
627,0.136134151,0.0861481449
628,0.1391482713,0.0875341536
629,0.1952073946,0.0844298494
630,0.1411547571,0.0844581085
631,0.1444579843,0.0843519844
632,0.1384531709,0.0863526707
633,0.1559397558,0.092345808
634,0.1459931913,0.1042086271
635,0.1410043511,0.1044728196
636,0.1385765849,0.0866111688
637,0.1406473761,0.0869299148
638,0.1417958138,0.0850937659
639,0.1389166538,0.0840875233
640,0.1431074722,0.0887618081
641,0.1343046318,0.0884694401
642,0.1368680202,0.1162080296
643,0.1428691717,0.087708463
644,0.1452376652,0.0937830982
645,0.1373850467,0.0838172196
646,0.1421326152,0.0887738046
647,0.1389530438,0.0827948479
648,0.1505927102,0.0931357877
649,0.1682558949,0.0839148186
650,0.139555954,0.0902125009
651,0.1378813818,0.0970890308
652,0.1441879103,0.0882007973
653,0.1524346906,0.0894291717
654,0.1451114739,0.0855866303
655,0.1436905834,0.0863363394
656,0.1514800333,0.0849391689
657,0.1372796568,0.0948139092
658,0.1406638268,0.0842352877
659,0.1335490337,0.0984991128
660,0.1486669836,0.0849953679
661,0.1342690699,0.0908313585
662,0.1453333016,0.0859423976
663,0.1403436241,0.0830239524
664,0.1362659319,0.084864148
665,0.1408459956,0.0961107745
666,0.1339967453,0.0838558425
667,0.1480872058,0.0843221807
668,0.1430330797,0.084290758
669,0.1592429123,0.0943894571
670,0.1340240869,0.0851057193
671,0.141042601,0.0991115896
672,0.141177964,0.0835625929
673,0.1439818673,0.0873911048
674,0.14399656,0.084005093
675,0.148570858,0.0918002329
676,0.1411152811,0.0874053774
677,0.1435276785,0.0900207952
678,0.1473494177,0.0835905011
679,0.1351794682,0.0955644032
680,0.1353589769,0.0860100496
681,0.1453158584,0.086719502
682,0.1448634908,0.0863316666
683,0.1370402381,0.0998965883
684,0.1396587891,0.0927371608
685,0.1481811899,0.0884147833
686,0.1373909135,0.0878384944
687,0.1346867664,0.0822152111
688,0.1374197641,0.0887339957
689,0.1368323681,0.0938312541
690,0.145501564,0.086398225
691,0.1436238832,0.0835103338
692,0.1368970741,0.0890135535
693,0.1364184488,0.0979617625
694,0.1463170642,0.0843581196
695,0.1721792432,0.0837600646
696,0.1379886821,0.0841431477
697,0.1445126217,0.0871066901
698,0.1383874577,0.1042723816
699,0.1389453886,0.1077492071
700,0.1458731358,0.0852625794
701,0.14343676,0.0841140069
702,0.1385682485,0.0963435778
703,0.1423817374,0.082757182
704,0.1342644601,0.0859229404
705,0.1373911855,0.0982206296
706,0.1416145609,0.0963133045
707,0.1493876946,0.0885556963
708,0.1408660985,0.0877170978
709,0.1517157806,0.0934603903
710,0.1373397419,0.0893941897
711,0.152663426,0.0848792898
712,0.1403232301,0.0865087995
713,0.1434322107,0.0851839604
714,0.1414179309,0.1007409458
715,0.1447013481,0.085849077
716,0.1499815194,0.1032557953
717,0.150510481,0.1021839119
718,0.1341231812,0.0970242726
719,0.1348255123,0.0871870634
720,0.1374815416,0.0912863294
721,0.1441190824,0.0959249369
722,0.1390799391,0.0856866262
723,0.1399241295,0.0836276697
724,0.1355639916,0.085237503
725,0.1461993992,0.1034988372
726,0.1434391102,0.0878785063
727,0.1376786743,0.0946206722
728,0.1354003715,0.0854059891
729,0.1370635337,0.0987026175
730,0.1351672397,0.0935961971
731,0.1364351463,0.0835139126
732,0.1429926539,0.0876971305
733,0.1383511759,0.0836449627
734,0.139644513,0.0903337528
735,0.1411897882,0.0843181502
736,0.1425689068,0.0836543849
737,0.1384400357,0.0928786852
738,0.1341975359,0.0891526325
739,0.1379025467,0.0912432274
740,0.1528734501,0.0875218131
741,0.1348822197,0.0912798331
742,0.1431806372,0.095456067
743,0.1565155452,0.10891689
744,0.1360512316,0.0855134275
745,0.1371568028,0.0824430162
746,0.1379104763,0.088511009
747,0.1453904735,0.0842879926
748,0.1383425141,0.09505608
749,0.138859259,0.086405279
750,0.1447025638,0.0868205372
751,0.1394287218,0.0921291822
752,0.1393544593,0.0836401707
753,0.1423794419,0.0855466092
754,0.135689474,0.0873384982
755,0.144013598,0.0835480588
756,0.1837516667,0.085393501
757,0.1379702294,0.089435909
758,0.1442084897,0.086625742
759,0.1423845481,0.0943260845
760,0.1374511754,0.094135921
761,0.1373676538,0.0831276398
762,0.1366465247,0.0854070091
763,0.1397199363,0.0858531039
764,0.1440416349,0.0837474634
765,0.1524863493,0.0842104838
766,0.1391887281,0.0984611177
767,0.1395192544,0.0896260113
768,0.144090412,0.0924929349
769,0.1430211492,0.0850011031
770,0.1532746292,0.0886965619
771,0.1560153716,0.0855243692
772,0.1492297513,0.0900415684
773,0.1418276396,0.0859188452
774,0.1379526567,0.0849420678
775,0.1443245582,0.0848552025
776,0.1370939816,0.0966511603
777,0.1412957096,0.0885641099
778,0.1494357825,0.0857706214
779,0.1369116851,0.1022551548
780,0.1603486728,0.0893403713
781,0.1400863055,0.0939396486
782,0.1427628958,0.0843943864
783,0.1395272712,0.0908690351
784,0.140714283,0.0870700136
785,0.1383391559,0.0876133973
786,0.1340068924,0.0862348806
787,0.141731697,0.0931564452
788,0.1419797711,0.1040398993
789,0.1350282403,0.0833592179
790,0.1441879074,0.0880089216
791,0.1441348478,0.0886980299
792,0.171175006,0.0871768524
793,0.1398926595,0.0895075321
794,0.1379625288,0.0904901677
795,0.149869411,0.1044296121
796,0.1421991412,0.0844263778
797,0.1386622478,0.0946556146
798,0.1399914268,0.0868379257
799,0.1373928788,0.0854323047
800,0.1353787748,0.082230712
801,0.1417700188,0.0955578279
802,0.1399608644,0.0892724519
803,0.134903105,0.0846653996
804,0.1562682543,0.0877659718
805,0.1548965637,0.0889165889
806,0.1436768264,0.085386648
807,0.1433718974,0.0966677016
808,0.1396696547,0.0825969796
809,0.1441121661,0.0925077501
810,0.1388966519,0.1048855655
811,0.1356306202,0.0910312121
812,0.1422202868,0.085925266
813,0.1384373915,0.095480331
814,0.1443734095,0.0960774516
815,0.1403213936,0.0952081187
816,0.1599154301,0.0866038079
817,0.1482726497,0.0884732861
818,0.1513496912,0.093959768
819,0.1387456268,0.0977888691
820,0.1358600639,0.0939669868
821,0.1400098561,0.0902559958
822,0.1432363252,0.0945591733
823,0.1399916001,0.0878657386
824,0.1398656645,0.0929594831
825,0.1529538861,0.0876955519
826,0.1365028669,0.0848927387
827,0.1402962253,0.0844685432
828,0.1353188404,0.0981439146
829,0.1379510554,0.0943735245
830,0.1534804838,0.0837818564
831,0.1441957184,0.0837737357
832,0.141608435,0.0855935269
833,0.1473329403,0.0961222348
834,0.1399247576,0.0855255462
835,0.1361884327,0.083161215
836,0.1353225426,0.0837019958
837,0.1479128948,0.089011251
838,0.1474143847,0.0825675262
839,0.1416613699,0.0886644378
840,0.1487915035,0.0849354269
841,0.1419077943,0.0872309885
842,0.1533067172,0.104419939
843,0.1476147339,0.0848801714
844,0.1411016989,0.0838826401
845,0.1498562025,0.1005856672
846,0.1399211844,0.1050025907
847,0.1387726957,0.0941420565
848,0.1388331629,0.0860640502
849,0.1357381231,0.1027175288
850,0.1379630869,0.0939214765
851,0.1557851474,0.0846751845
852,0.1407562776,0.0943717848
853,0.1498943811,0.0910514744
854,0.136532209,0.0843139196
855,0.1343049881,0.0913264321
856,0.1448876672,0.0872268785
857,0.1401435253,0.0836319141
858,0.1371853493,0.0854836211
859,0.1540460579,0.0984706995
860,0.1357762436,0.108768197
861,0.1411481571,0.0938459861
862,0.1377935617,0.1045521014
863,0.1460853531,0.091352093
864,0.159313371,0.0842162686
865,0.1444207887,0.0919332484
866,0.1442690625,0.0832384604
867,0.1374494925,0.0826132177
868,0.1493312458,0.0911985564
869,0.1333242552,0.0868595572
870,0.1465070002,0.1025998953
871,0.1431624946,0.0941098594
872,0.1418107146,0.0895040543
873,0.134145629,0.0852495796
874,0.138168879,0.0899235646
875,0.1399763873,0.0995903182
876,0.1455909139,0.0835115878
877,0.1528124095,0.0859236259
878,0.1398204041,0.0868894225
879,0.1360161793,0.0828957282
880,0.1455001886,0.0838654844
881,0.1439981332,0.0844891422
882,0.1424626407,0.1010552645
883,0.13661868,0.0900628946
884,0.1462689438,0.0980650201
885,0.1469859708,0.0876527642
886,0.1450640728,0.087152919
887,0.1414486933,0.0884766184
888,0.1657323897,0.0903815575
889,0.1471973524,0.0864299134
890,0.1415408252,0.0858291838
891,0.1443063477,0.0821857595
892,0.1412913597,0.1102987763
893,0.1400233449,0.100206609
894,0.1494271609,0.0862343762
895,0.1451180841,0.0964150268
896,0.1406495083,0.0879255946
897,0.1389786274,0.0910406091
898,0.1425306717,0.0869015974
899,0.1538016831,0.1018351708
900,0.1378280095,0.0927417824
901,0.1369168683,0.0962630383
902,0.1355535342,0.0829496566
903,0.1355765559,0.0848636326
904,0.1351277586,0.0939569171
905,0.1385239698,0.0976641263
906,0.1419270272,0.1050474542
907,0.1406711937,0.0974441543
908,0.1406035094,0.0935752938
909,0.1437405505,0.0852527431
910,0.1497299939,0.0843869812
911,0.1380775172,0.0873698231
912,0.1392990073,0.0835191614
913,0.1454598658,0.0847781227
914,0.1380758098,0.0876955439
915,0.1431015514,0.0930749531
916,0.1503609906,0.0873709325
917,0.1396480629,0.0984527032
918,0.1334121426,0.0837919642
919,0.1476109361,0.1051473449
920,0.1382043186,0.0888728705
921,0.1534403415,0.0826083529
922,0.1413080294,0.0871409324
923,0.1473667401,0.0872880373
924,0.1482593238,0.0874184015
925,0.1407846883,0.1144597103
926,0.1402255702,0.129471783
927,0.1339581792,0.0875752364
928,0.144101107,0.0827896569
929,0.1343335949,0.0853600002
930,0.13386747,0.1108381975
931,0.1378920293,0.0874814986
932,0.1435617835,0.0839577554
933,0.1372416081,0.0937299832
934,0.1329974584,0.0844920607
935,0.1443093549,0.0896226304
936,0.1448870309,0.0861722027
937,0.155130971,0.0826471851
938,0.1359403998,0.0856096926
939,0.1344326188,0.090553558
940,0.1349241229,0.0840856094
941,0.141503739,0.0996635193
942,0.1359795513,0.088424991
943,0.1374993376,0.0849433116
944,0.1568672117,0.0836542691
945,0.1443929891,0.0920658119
946,0.1488453773,0.0854136102
947,0.1392194901,0.0898207352
948,0.1371550979,0.0833117102
949,0.1473665436,0.0841095138
950,0.1468166115,0.0830525106
951,0.1466681838,0.0833736335
952,0.1469099274,0.0858369356
953,0.166306943,0.0925581483
954,0.1432750026,0.0865429399
955,0.1430360009,0.0972025472
956,0.1395240448,0.0994799492
957,0.138030814,0.1166695521
958,0.1404847117,0.0854209967
959,0.1466690253,0.0924478078
960,0.1370625849,0.0826519919
961,0.1469135495,0.1074208502
962,0.1337173252,0.0948130137
963,0.1394093127,0.0896843855
964,0.151405705,0.0855302731
965,0.1422286725,0.0946357625
966,0.1457851906,0.1105162755
967,0.1482779546,0.0855945852
968,0.1437207345,0.0839416002
969,0.1427567754,0.0872063205
970,0.1399369599,0.0881680019
971,0.1447893057,0.0885429777
972,0.1497322178,0.0891653613
973,0.153594657,0.094109339
974,0.1416224978,0.0868967757
975,0.1353252967,0.0837113055
976,0.1444741441,0.0848333073
977,0.1411215069,0.0931250592
978,0.1386495922,0.0897327968
979,0.1401676174,0.0889285582
980,0.1400025879,0.0894262229
981,0.133470528,0.0914114583
982,0.1476542778,0.0870567985
983,0.1369935503,0.0828396028
984,0.1437452512,0.0833310725
985,0.1381256865,0.0859865399
986,0.1449427696,0.0894471841
987,0.1394231935,0.0924637627
988,0.1334563592,0.1059152692
989,0.1419479155,0.0842389231
990,0.1451994458,0.0868154948
991,0.1396156771,0.0891651469
992,0.1377058148,0.0892042598
993,0.1464807349,0.0886745247
994,0.141307677,0.0868140579
995,0.1436649913,0.1007314491
996,0.1562645946,0.0905129237
997,0.1378046675,0.0890934263
998,0.1455427785,0.1094793955
999,0.1436510236,0.0964704643
0,0.1437753999,0.0950771934
1,0.1407914796,0.0850135806
2,0.1489727826,0.1012633277
3,0.1422412002,0.0861713615
4,0.138614422,0.0833142605
5,0.1356530974,0.0927448771
6,0.1424703039,0.0890564653
7,0.1342682698,0.1003687539
8,0.1371070567,0.0841347077
9,0.1386884365,0.0856443826
10,0.1439702041,0.0946649303
11,0.1440284064,0.1002249075
12,0.1394995595,0.0975655582
13,0.1391214629,0.0987985644
14,0.1574715812,0.0851031037
15,0.1374599772,0.0845696348
16,0.1353248124,0.0942270601
17,0.1496575174,0.0862588808
18,0.1368330895,0.0878311691
19,0.1498958284,0.0905976797
20,0.1483107547,0.0975588797
21,0.1425028538,0.08454371
22,0.1642819996,0.0959030116
23,0.1419164676,0.0851938416
24,0.1370369392,0.0866968389
25,0.136912392,0.0905760787
26,0.1370461201,0.092719784
27,0.1380173903,0.0863317895
28,0.150513444,0.0980276819
29,0.1484200423,0.107841395
30,0.1340851529,0.0951131038
31,0.1625407573,0.0895070061
32,0.1468817479,0.0853766631
33,0.1361291536,0.0846906725
34,0.138476632,0.0989459607
35,0.1424915198,0.0844615451
36,0.1394188141,0.1010102
37,0.1383724017,0.0964980329
38,0.1404772955,0.1104926531
39,0.1502531516,0.0831031935
40,0.1426446635,0.0867736406
41,0.1453844074,0.0971319247
42,0.153984197,0.0909609064
43,0.1452921767,0.0888849534
44,0.1501028998,0.0855085697
45,0.1385190213,0.0838918991
46,0.1458040034,0.0895957379
47,0.1471822113,0.092440634
48,0.1420127691,0.0853168787
49,0.1385542624,0.0943865024
50,0.1382801642,0.0869917806
51,0.1430283184,0.0839639624
52,0.1376722237,0.0889890672
53,0.1565839522,0.0845192711
54,0.1440556126,0.1015917812
55,0.1346928043,0.1190458815
56,0.1342682387,0.0892159787
57,0.1399882385,0.0975253309
58,0.1460114519,0.1069900458
59,0.1361071942,0.0845503693
60,0.1501957886,0.0943001168
61,0.1453253666,0.0984639013
62,0.1402568591,0.0891372927
63,0.1467787548,0.0893294628
64,0.1404974582,0.0920343169
65,0.1408827691,0.0997062062
66,0.1373502017,0.0829558472
67,0.1593380307,0.0895059059
68,0.1527085178,0.083979555
69,0.1388464974,0.0855043306
70,0.1343704547,0.0888196878
71,0.153796124,0.0856217236
72,0.1544859551,0.088415467
73,0.1683967759,0.0869144357
74,0.1549184585,0.0856535912
75,0.1402832138,0.0909399656
76,0.1434433652,0.1003686487
77,0.1358301461,0.0923295532
78,0.1398134965,0.0874531202
79,0.1379165855,0.084005973
80,0.1626363554,0.084794092
81,0.1341868064,0.0933846429
82,0.1476696339,0.0945099073
83,0.1417929791,0.0979473596
84,0.1371966134,0.0857328821
85,0.1363084311,0.0885275109
86,0.1419011352,0.0846545522
87,0.1397670405,0.0929036074
88,0.1517903245,0.0967191012
89,0.1338880954,0.0845460396
90,0.1414482022,0.0892816084
91,0.1379516092,0.0882196664
92,0.1459649209,0.0942237846
93,0.1407255353,0.0927304502
94,0.1424512448,0.0953672387
95,0.1404887042,0.0853137177
96,0.1403899856,0.0890493839
97,0.1542274715,0.092427166
98,0.1371831743,0.097068221
99,0.1341434921,0.0838553867
100,0.1377475032,0.0823693695
101,0.1769426774,0.0845083498
102,0.1376385773,0.0914900264
103,0.146629386,0.0893643173
104,0.1429040141,0.0856959347
105,0.1439782824,0.0973094018
106,0.1393292063,0.095353242
107,0.1374375932,0.0821379264
108,0.1465596805,0.0979525033
109,0.1543300871,0.092594333
110,0.1423179564,0.0937706588
111,0.1441808883,0.0868330973
112,0.1480100893,0.0871537258
113,0.1541549805,0.0985190431
114,0.1345898409,0.0865514301
115,0.136875176,0.0901666297
116,0.1503424442,0.0882426618
117,0.1353137697,0.0927093087
118,0.1440418498,0.0886651488
119,0.1390601987,0.0952172083
120,0.1429316902,0.0857870363
121,0.1490558069,0.0897151785
122,0.1381582999,0.0869972045
123,0.1395926566,0.0841669315
124,0.1426665489,0.0956057333
125,0.1407158279,0.0865100634
126,0.1382164811,0.1003092292
127,0.1478706256,0.111950408
128,0.1484538094,0.0867430918
129,0.1378859182,0.0833820594
130,0.1449706379,0.0861629647
131,0.1440587913,0.0850582369
132,0.1555433897,0.0899406114
133,0.1328555184,0.1019645837
134,0.1387947644,0.0853245078
135,0.1360371207,0.0990769144
136,0.1497975847,0.0868643121
137,0.1588291586,0.0878148226
138,0.1537210734,0.1023114142
139,0.1394016816,0.0868098872
140,0.1406729094,0.0844185554
141,0.1395931811,0.0868280859
142,0.1384315426,0.0901182185
143,0.1433337907,0.083167148
144,0.1402993442,0.083903211
145,0.1337649126,0.0902841002
146,0.1382034363,0.0959833135
147,0.1368247415,0.1000830594
148,0.1406404937,0.0968749416
149,0.1418647402,0.0975784297
150,0.1356285411,0.0839810909
151,0.1587407121,0.0908095431
152,0.13772446,0.0826192606
153,0.1439392949,0.0842212644
154,0.1448321569,0.0831344816
155,0.1459824657,0.084641649
156,0.1411481717,0.0852033722
157,0.1422683806,0.1034295788
158,0.1403878412,0.0853775902
159,0.1505295356,0.0937875865
160,0.1383440914,0.0847587955
161,0.1400264345,0.0852925322
162,0.1344691308,0.0867677818
163,0.140726341,0.09721171
164,0.148263358,0.0847974842
165,0.1484354702,0.0939387419
166,0.1351954276,0.0849856749
167,0.134678654,0.0919052874
168,0.1409760074,0.0924773948
169,0.1508886534,0.0858962408
170,0.1573080792,0.1112572781
171,0.1348542826,0.0936210845
172,0.1476986223,0.0859265878
173,0.1389318634,0.0925115942
174,0.146069238,0.0887289345
175,0.1401449933,0.0859315325
176,0.1432918372,0.0920078594
177,0.1381706404,0.0861067476
178,0.1466017986,0.0875457579
179,0.1391587703,0.0934340467
180,0.137804096,0.0854984763
181,0.1389003642,0.0929938706
182,0.1608287389,0.0915466689
183,0.1381420065,0.085953715
184,0.1458867182,0.0845774515
185,0.1341985587,0.105573474
186,0.1360416452,0.0837950773
187,0.147700999,0.0910047101
188,0.1354527642,0.085054165
189,0.1510134018,0.0896455481
190,0.1364012886,0.0860911858
191,0.1355358914,0.1051897168
192,0.1559650104,0.1170370314
193,0.1590202352,0.0853240244
194,0.1382871996,0.1002793695
195,0.1461772001,0.0955425353
196,0.1494880728,0.0944565302
197,0.1387395365,0.1001300152
198,0.1357133977,0.0852675113
199,0.1449947954,0.0845954465
200,0.1374792503,0.0972567646
201,0.1562522711,0.0864220882
202,0.1368985485,0.0977504352
203,0.1399907975,0.0906976568
204,0.1393725385,0.0837855562
205,0.134717126,0.0882422132
206,0.1434954107,0.0848539545
207,0.1469722639,0.0855464418
208,0.1442236497,0.0862779137
209,0.1351930817,0.0869699994
210,0.1337277955,0.0844576322
211,0.1419938918,0.0890964248
212,0.1538074806,0.0994848736
213,0.1391320782,0.0865093509
214,0.1356639146,0.085375621
215,0.1483579084,0.0912408039
216,0.1520570815,0.0871474601
217,0.1539555801,0.0828508324
218,0.1403463172,0.0835584609
219,0.1446147901,0.0866608394
220,0.1485549715,0.0910097394
221,0.1399668875,0.0834804841
222,0.1343225259,0.084982909
223,0.1500555098,0.0873725561
224,0.1479169018,0.1055152776
225,0.1452255968,0.0840294576
226,0.1404186934,0.0965475281
227,0.1369934568,0.083705503
228,0.1359794303,0.0835668277
229,0.1421158915,0.0916191189
230,0.1419172537,0.0863417465
231,0.143512822,0.0943281193
232,0.1389225775,0.0935533456
233,0.1348004867,0.0933779776
234,0.1417689923,0.097097787
235,0.1406835572,0.0893252718
236,0.1376685131,0.0844864791
237,0.1382802478,0.0983539771
238,0.1352957923,0.0837839871
239,0.1456225891,0.084624999
240,0.1364762552,0.0854017033
241,0.1526983136,0.0841534389
242,0.1401967946,0.087525308
243,0.1434965023,0.0838730003
244,0.1548455287,0.0957680438
245,0.1362005897,0.0948521426
246,0.1496907078,0.0857583428
247,0.137949116,0.0889194273
248,0.1596159782,0.0842270028
249,0.1427910558,0.084877859
250,0.143058286,0.0836139938
251,0.1457018886,0.0838482111
252,0.1484959291,0.106611284
253,0.144740354,0.0896465842
254,0.1480286576,0.0871539235
255,0.1397344537,0.0870011014
256,0.1474265783,0.0858265797
257,0.1456553051,0.0845178458
258,0.1379132167,0.0860452206
259,0.1411408045,0.087486682
260,0.1364604877,0.0907619837
261,0.1329476146,0.0893127818
262,0.138399194,0.0855860973
263,0.1547694889,0.0874174228
264,0.1402973881,0.0867574071
265,0.1578648493,0.0915784027
266,0.143864041,0.0855109396
267,0.1405711347,0.0832056173
268,0.132978833,0.0850600524
269,0.1406870783,0.0938051946
270,0.1402357369,0.090826182
271,0.1470367904,0.0977511722
272,0.1345172187,0.0962142973
273,0.1396912459,0.0964411037
274,0.1417746669,0.0824941403
275,0.1439643713,0.0840214842
276,0.1357468387,0.0907575709
277,0.1415150964,0.0887613399
278,0.1457218314,0.0918887134
279,0.1543897158,0.0908288411
280,0.1496189434,0.0908066446
281,0.1453176483,0.0839998717
282,0.140208847,0.0965460559
283,0.137377943,0.0873610097
284,0.1480114191,0.0928518797
285,0.1467478381,0.0938641021
286,0.1463893934,0.0829156946
287,0.1366518335,0.0856184117
288,0.1422045062,0.0978893827
289,0.1395395014,0.0835873698
290,0.1745015885,0.0853519365
291,0.1453213511,0.0921352695
292,0.1417071361,0.0848943483
293,0.1502602419,0.0878096305
294,0.1384485665,0.092351534
295,0.1343170367,0.0827685145
296,0.1400782418,0.0871479786
297,0.1346836024,0.1039371071
298,0.1788781088,0.1026957473
299,0.1354844517,0.0841918228
300,0.1386979983,0.0961807778
301,0.1339392079,0.1089816303
302,0.1401881085,0.1050477892
303,0.1479993308,0.0920764974
304,0.1347008861,0.0884565245
305,0.1352337439,0.102640817
306,0.1448150844,0.0924843672
307,0.1364824996,0.0836257203
308,0.136976485,0.0914347443
309,0.1360443517,0.1044866427
310,0.1454496044,0.0857089651
311,0.1399645565,0.08781109
312,0.1473856867,0.084186339
313,0.1483713969,0.0852595292
314,0.1587258521,0.1092535504
315,0.1393563434,0.0976997318
316,0.1360379326,0.0835827069
317,0.1352454791,0.0973725778
318,0.1374713983,0.0853965414
319,0.1334317353,0.0891776324
320,0.1426471746,0.097690775
321,0.1543206898,0.0855811508
322,0.1396535091,0.0894316894
323,0.1390329767,0.0853524165
324,0.1413128165,0.0911736996
325,0.1485579414,0.0972479169
326,0.141106271,0.0839881098
327,0.1354936361,0.0881272653
328,0.1619610403,0.0887623465
329,0.1453074825,0.0829605117
330,0.1523187904,0.1099473513
331,0.151783353,0.0943060057
332,0.1520056879,0.097794622
333,0.1367419944,0.084676896
334,0.1607857308,0.0841832806
335,0.1600850783,0.0857186124
336,0.1528035681,0.0845024605
337,0.1619772366,0.0979319969
338,0.1588876653,0.0914525137
339,0.1619177572,0.0888956492
340,0.1413467748,0.0847987533
341,0.1390554203,0.0850973473
342,0.1461898374,0.0916327897
343,0.1345944023,0.1025489934
344,0.1538467614,0.1006413941
345,0.1369357915,0.0840133555
346,0.1385362025,0.0852458782
347,0.1498872851,0.0896021117
348,0.1439775369,0.0874796711
349,0.1394417595,0.0912949068
350,0.1386144056,0.0958128933
351,0.138154267,0.0880295602
352,0.1414579867,0.0875835819
353,0.1422387386,0.091278056
354,0.143873775,0.0886628694
355,0.1357174381,0.1001972462
356,0.1409718938,0.0844123954
357,0.1358099558,0.0890833385
358,0.1394325443,0.0842945723
359,0.137956203,0.087890001
360,0.1338215505,0.0862169845
361,0.1361984786,0.0826412497
362,0.1408239907,0.0980465317
363,0.1489509818,0.0907722216
364,0.1417705202,0.096302377
365,0.1386396568,0.0854798864
366,0.1351597556,0.1049665479
367,0.1362913937,0.1056386942
368,0.1388435146,0.083059136
369,0.1366044483,0.091392559
370,0.1427751586,0.0892999847
371,0.1439446554,0.0948685204
372,0.1397365319,0.0990384174
373,0.1380124452,0.1059879014
374,0.1430589871,0.1098432059
375,0.1379162121,0.0863273489
376,0.1375927424,0.0973173653
377,0.1505702503,0.0953692515
378,0.1440927081,0.0925353572
379,0.1432928604,0.0890849054
380,0.1449688545,0.0943703375
381,0.1400468297,0.0872018039
382,0.1436378229,0.1030455409
383,0.139270374,0.090146759
384,0.1408224077,0.1034194029
385,0.13756868,0.086188826
386,0.1501318989,0.0862556697
387,0.1389280017,0.0849707957
388,0.1480136236,0.0833251689
389,0.1389213494,0.0992218995
390,0.1541255372,0.0847613672
391,0.1473288591,0.0838135945
392,0.1567270814,0.0860252288
393,0.1475650889,0.0888517277
394,0.1415041972,0.0882839003
395,0.1353505228,0.098638512
396,0.136203169,0.0856771671
397,0.1384867639,0.0866441245
398,0.1352202015,0.0853365954
399,0.1451328277,0.0859764336
400,0.1455874465,0.0890578583
401,0.1468575484,0.0855475351
402,0.1491926416,0.0828402107
403,0.1352081542,0.0847046776
404,0.1442548261,0.0956553465
405,0.1377704415,0.0938154578
406,0.1418941425,0.0880369732
407,0.1451206995,0.0927908142
408,0.1470297543,0.0877857981
409,0.1459883955,0.0967566001
410,0.1389403443,0.0855260895
411,0.1511216432,0.1004878231
412,0.1438572576,0.084135378
413,0.1431273833,0.0865770297
414,0.1351127691,0.1015391082
415,0.1365134784,0.0832656716
416,0.1450092262,0.1016810305
417,0.149304987,0.0831488212
418,0.1596143622,0.1077480028
419,0.1494717741,0.0841035753
420,0.1400315823,0.083561064
421,0.1378821227,0.0939330544
422,0.1424490069,0.0891957111
423,0.1481890253,0.0902484655
424,0.1417249696,0.0907118796
425,0.1450005101,0.0858322798
426,0.1369177361,0.090380155
427,0.1514586945,0.0930178691
428,0.1425061738,0.0948112369
429,0.1385933143,0.0871733812
430,0.1390435923,0.0848879413
431,0.1384130026,0.0949989069
432,0.1428165488,0.1060936453
433,0.1446900611,0.0872847059
434,0.1362168007,0.0870699025
435,0.1442929436,0.0930884234
436,0.1400654686,0.0864475932
437,0.1343698233,0.0914965374
438,0.1482553412,0.0837225029
439,0.1649251625,0.0857140129
440,0.145175051,0.0880977202
441,0.1495676209,0.0886455314
442,0.1380907674,0.0883329647
443,0.1385325635,0.0906746202
444,0.1394127094,0.0875480816
445,0.1428181534,0.0993059862
446,0.1512282323,0.0837978571
447,0.142595635,0.0840977157
448,0.1407596518,0.090226592
449,0.1501948998,0.0889343219
450,0.1347401598,0.0898152783
451,0.1371273376,0.0861280092
452,0.1377940017,0.0847114503
453,0.1403533375,0.0925521274
454,0.1374484256,0.1386137179
455,0.1388842837,0.0881193671
456,0.1444197209,0.0937683726
457,0.1447876041,0.0846576722
458,0.1413108993,0.0851036915
459,0.1447111196,0.0833395479
460,0.1405885681,0.1185866241
461,0.168643072,0.0848027391
462,0.1419438109,0.0896362873
463,0.1361936626,0.0893867128
464,0.1535498501,0.1055473086
465,0.1381902548,0.08568698
466,0.1414972913,0.1008959325
467,0.1372423611,0.0843245213
468,0.1466805683,0.0866999462
469,0.1426692147,0.0901640157
470,0.1534112459,0.0849058497
471,0.1447999346,0.0919424748
472,0.143978034,0.0825545595
473,0.139872658,0.0864257555
474,0.1360167219,0.0961869954
475,0.1360763949,0.0923173513
476,0.1381393953,0.0889475864
477,0.1497311499,0.0851041515
478,0.1405518289,0.0932242836
479,0.1524066204,0.0885518329
480,0.1499537009,0.1031468039
481,0.1382972881,0.100551969
482,0.1611706156,0.0843504818
483,0.1470389556,0.0842972662
484,0.1405952659,0.0906616562
485,0.1406226293,0.0891108717
486,0.1347161542,0.0859847961
487,0.1460847572,0.1000699146
488,0.1365335838,0.0833506266
489,0.1399741402,0.1049633771
490,0.13651468,0.0870564123
491,0.138208647,0.0860403347
492,0.1375843856,0.0852686128
493,0.1366528855,0.0832040272
494,0.1820578067,0.0941413859
495,0.1353152786,0.0893707925
496,0.140323863,0.0956057354
497,0.1405040525,0.0877369019
498,0.1531005838,0.0847681174
499,0.147036147,0.0915204622
500,0.1583993429,0.0841565531
501,0.1456853343,0.0926914387
502,0.1617004986,0.0840620723
503,0.1475793867,0.0876843141
504,0.1468116605,0.0853300103
505,0.1368591219,0.0849503876
506,0.1348505583,0.1071318981
507,0.1472371409,0.0842765793
508,0.1403852376,0.088248968
509,0.1537519191,0.0860219958
510,0.1411037036,0.0857709818
511,0.1414223714,0.1013055557
512,0.1345969263,0.086936862
513,0.1391132118,0.0848617549
514,0.1518110734,0.0883906471
515,0.1449838333,0.0840806407
516,0.1422519702,0.089810906
517,0.1364240539,0.0864361582
518,0.1454257503,0.0959998721
519,0.1431727891,0.0834356266
520,0.1465197503,0.0920541156
521,0.1474793675,0.0955872584
522,0.1387549264,0.0888098031
523,0.1426204402,0.1132085566
524,0.1367757677,0.0943896471
525,0.1388553598,0.0844266588
526,0.1538032172,0.0878309621
527,0.1368225156,0.0941810498
528,0.1436193771,0.0871862712
529,0.148646245,0.088743736
530,0.1376919708,0.0966410526
531,0.1476066023,0.0831964096
532,0.1461291145,0.0907414233
533,0.1442245912,0.0849962231
534,0.1483990443,0.0878166255
535,0.1463420434,0.0838719073
536,0.1600169759,0.1016358769
537,0.1341130959,0.0951386095
538,0.1478263767,0.0856825179
539,0.1377625877,0.1076056504
540,0.1591621797,0.0955772077
541,0.1510708319,0.0910118615
542,0.1346160588,0.0873437049
543,0.137943809,0.0839317994
544,0.1398696979,0.0865245103
545,0.1382146971,0.0832639898
546,0.1589805979,0.093188547
547,0.1462070228,0.0826417637
548,0.1332985757,0.0853157407
549,0.1361357284,0.0937538737
550,0.1419504659,0.0859467003
551,0.1363893474,0.0895868016
552,0.1436483511,0.0906713058
553,0.1402952579,0.0833228802
554,0.1556018155,0.1014541689
555,0.1562545207,0.0853499802
556,0.135871602,0.1011582924
557,0.1411899393,0.0943930361
558,0.1435098217,0.0932379058
559,0.1457596646,0.0832787276
560,0.143909152,0.0850620333
561,0.1414643314,0.0929057264
562,0.14803841,0.0926694351
563,0.1348316198,0.0962121647
564,0.1465538922,0.0914323484
565,0.1561415372,0.0954994436
566,0.1444868249,0.0880354581
567,0.1529168697,0.0901567654
568,0.1446341848,0.0847478585
569,0.1431037426,0.0857983316
570,0.1481130119,0.0896812426
571,0.1464190139,0.0857457315
572,0.1383483031,0.0868736819
573,0.1444954793,0.1030420508
574,0.1362186065,0.1109487439
575,0.1503388111,0.0887713771
576,0.1603235555,0.0870147957
577,0.1416743289,0.0847247841
578,0.1376159939,0.1057864275
579,0.1474558783,0.0824804965
580,0.1378163538,0.0848649485
581,0.1439600172,0.0906112781
582,0.1449779196,0.0837080716
583,0.1360657258,0.0923367109
584,0.1340116851,0.0880800982
585,0.1435294755,0.0844961682
586,0.1534016921,0.0893268118
587,0.1413684235,0.0836739741
588,0.1408775741,0.0872969322
589,0.1447443463,0.084735046
590,0.1530208933,0.0859688829
591,0.1351930971,0.0837043805
592,0.1369159709,0.0835910454
593,0.1458460215,0.0846210935
594,0.1400861926,0.0930668549
595,0.1535113145,0.1142865081
596,0.1444208798,0.0855310547
597,0.1437704617,0.0896782665
598,0.1390359199,0.0832503417
599,0.1487591133,0.0938296023
600,0.1358731944,0.0835564164
601,0.135002817,0.0841529094
602,0.1566614558,0.0866169014
603,0.1428879285,0.1019428913
604,0.1365484689,0.0958464641
605,0.1753805636,0.088614318
606,0.1518456385,0.0872773525
607,0.1376323023,0.0837162463
608,0.1490159778,0.0823570702
609,0.1372997805,0.0899674418
610,0.148847909,0.1031629575
611,0.1512493342,0.0933674472
612,0.1407400317,0.0878502119
613,0.1360272676,0.0880031705
614,0.1450582356,0.0865523501
615,0.1425719178,0.0870929379
616,0.1398301329,0.0885804191
617,0.1406738516,0.0839019637
618,0.1434209306,0.0903065372
619,0.1449362719,0.0990113693
620,0.1535182034,0.0882738098
621,0.1395860525,0.0894376631
622,0.1433064382,0.0829286882
623,0.1426526956,0.0852736285
624,0.1372008302,0.0931051253
625,0.1347371217,0.0867408471
626,0.142299975,0.1010909997
627,0.1343902087,0.0892405982
628,0.1397350778,0.0860822163
629,0.1582218943,0.0845331616
630,0.1417118311,0.1029154227
631,0.1376125209,0.0893875434
632,0.1549798343,0.0887110271
633,0.1397902766,0.0858782374
634,0.1699481192,0.0848481781
635,0.142218324,0.0848570591
636,0.1353182521,0.0878975862
637,0.1547829418,0.0842132591
638,0.148337199,0.0841512754
639,0.1398053891,0.0970667042
640,0.1345184012,0.0881165418
641,0.1370772922,0.0894012062
642,0.1436528416,0.0844021215
643,0.1393469958,0.0997972309
644,0.1400352715,0.0841100946
645,0.1723572492,0.0870688333
646,0.143523836,0.0862898684
647,0.1363298878,0.0844722083
648,0.1373288493,0.0824122929
649,0.1459620289,0.0902225808
650,0.1425305913,0.0832668325
651,0.137243481,0.0903400384
652,0.1513549718,0.0917659007
653,0.1434443138,0.0935380004
654,0.1365229572,0.0874675447
655,0.138623181,0.0898308434
656,0.1370904092,0.0863958528
657,0.1374039639,0.0915329231
658,0.1506947343,0.090490067
659,0.1406820427,0.0880480707
660,0.1444842466,0.0885802845
661,0.1484593668,0.0848008296
662,0.1347505777,0.0853496171
663,0.1381205733,0.0960680005
664,0.1476605905,0.0839967935
665,0.1471561195,0.0829134144
666,0.1458920385,0.0851818171
667,0.156649082,0.0845572347
668,0.1430355167,0.091249374
669,0.135470626,0.0946467415
670,0.1384739792,0.0900395065
671,0.1525892423,0.1030238544
672,0.1390442081,0.0848869542
673,0.1340146542,0.08586914
674,0.1401283836,0.0883208832
675,0.1402956293,0.0926444624
676,0.1489916688,0.0903924767
677,0.1384420782,0.0938463038
678,0.1435034581,0.0919244489
679,0.1450235958,0.0841786292
680,0.1525086371,0.1049205274
681,0.1368589888,0.0914000268
682,0.1477403899,0.1059864806
683,0.1355624775,0.0980259391
684,0.1349224406,0.0827332343
685,0.1377640418,0.0869119994
686,0.143371202,0.088913824
687,0.1391733359,0.08603961
688,0.1408418893,0.083739467
689,0.1811494458,0.0847938026
690,0.1406915046,0.083857497
691,0.1453615722,0.0842606537
692,0.1406678742,0.1044661575
693,0.1477916436,0.0946582972
694,0.1475898663,0.0928435263
695,0.1432383774,0.0897367055
696,0.1365653197,0.0831403074
697,0.1507058814,0.0931943527
698,0.1384128526,0.0830030876
699,0.1396443956,0.1027976964
700,0.1343913918,0.0849786097
701,0.144356603,0.0977045441
702,0.1399936527,0.0854456154
703,0.1381706972,0.094201503
704,0.1574257374,0.0997608517
705,0.160148382,0.1119975199
706,0.1460613768,0.0987911093
707,0.1345185261,0.0844817385
708,0.1459397026,0.0917303755
709,0.1531291375,0.086263042
710,0.1479530677,0.0849936182
711,0.1401810123,0.0993570222
712,0.138529639,0.1078007807
713,0.1492933498,0.0861032818
714,0.1424749626,0.0842975875
715,0.1388915956,0.1026452712
716,0.1400477392,0.0874743543
717,0.1342080955,0.0854131301
718,0.1405933904,0.0912475619
719,0.1484404402,0.0855574676
720,0.1402768379,0.0937138265
721,0.1469251762,0.0861996942
722,0.1372940837,0.0840396442
723,0.1456571977,0.1112226915
724,0.1350059293,0.0917451344
725,0.1557955149,0.0883776195
726,0.1405361653,0.0972376232
727,0.136862801,0.0847283717
728,0.1391413472,0.0849247307
729,0.138717872,0.0916367017
730,0.1366832836,0.0974056871
731,0.1398767805,0.0878121079
732,0.1351326215,0.0866441374
733,0.1378490044,0.0843481698
734,0.13375699,0.0861236655
735,0.1397529525,0.0972062222
736,0.1405275093,0.0881478419
737,0.136928964,0.0845339771
738,0.1364580579,0.0931283825
739,0.1472418401,0.1003045246
740,0.1356883343,0.0876123361
741,0.1345435443,0.0876584045
742,0.1373945854,0.0974816918
743,0.1429331829,0.0880343825
744,0.1448172178,0.0859862893
745,0.1620276172,0.0923284674
746,0.1340052405,0.0906880993
747,0.1455700076,0.0841330266
748,0.1366336029,0.088421746
749,0.1570888371,0.1078021504
750,0.1395407981,0.0858299707
751,0.1545430628,0.0837150591
752,0.1394256051,0.0901739974
753,0.1482906553,0.0859413153
754,0.1534620261,0.089085959
755,0.1394865399,0.0912778405
756,0.1376208188,0.0893579233
757,0.1484476249,0.088881546
758,0.1426353925,0.0867539612
759,0.1429235575,0.0897533996
760,0.1541801455,0.0862075285
761,0.1363992268,0.0890632833
762,0.1468581575,0.0880240003
763,0.1482066732,0.0842640004
764,0.1601559302,0.0929508143
765,0.1451499633,0.0910546938
766,0.1374604882,0.0827481845
767,0.1410241435,0.0832374556
768,0.1474964002,0.0947896491
769,0.1390648477,0.0959405391
770,0.1393961859,0.1051785827
771,0.1614552818,0.0875123186
772,0.1386414581,0.0932760228
773,0.1380556816,0.1000792013
774,0.134713192,0.0930850086
775,0.148731192,0.090590725
776,0.1378409173,0.1025462682
777,0.1370169896,0.0866877206
778,0.151588617,0.084893569
779,0.1368607074,0.0948144603
780,0.1492523827,0.0916235675
781,0.1384451237,0.0976353792
782,0.1383894604,0.0873646298
783,0.1379825007,0.0880079848
784,0.1443464709,0.0870074751
785,0.1392737282,0.0849207452
786,0.1361079676,0.0913616203
787,0.1644151281,0.0896519285
788,0.139297891,0.0838603364
789,0.1377428591,0.0830551883
790,0.1415278471,0.0855353987
791,0.1414967937,0.0870511461
792,0.1467929062,0.0942558655
793,0.1375633719,0.0839671189
794,0.1387084048,0.0954295968
795,0.1474443544,0.1010516729
796,0.1542658055,0.0843163013
797,0.1371272581,0.0984129247
798,0.1476778714,0.0893114407
799,0.1424043709,0.1002296336
800,0.1494968227,0.0873514349
801,0.1455055425,0.0994403488
802,0.150672923,0.0858593126
803,0.1384996225,0.0843475924
804,0.1557687273,0.1017746736
805,0.1438912462,0.0862940597
806,0.1355964641,0.0847896641
807,0.1428801027,0.1026323989
808,0.144604324,0.0830256655
809,0.1547097023,0.0903996573
810,0.1484913006,0.0828440172
811,0.1470126131,0.099509255
812,0.1452861685,0.0881594384
813,0.1388825715,0.1020086412
814,0.1407749339,0.0841897317
815,0.1426656404,0.0962086302
816,0.1480480211,0.0878463149
817,0.1390641109,0.0942273825
818,0.144516336,0.088242169
819,0.1446927832,0.0886056783
820,0.1408654155,0.0855207679
821,0.1504284115,0.1052170944
822,0.1472311507,0.0918641244
823,0.1414777333,0.0914089166
824,0.1436613459,0.0840323383
825,0.1591743552,0.0861519945
826,0.146597674,0.0860410226
827,0.1441719099,0.0901180393
828,0.1531540966,0.0858218583
829,0.1400445529,0.0950973667
830,0.138327192,0.0989775574
831,0.1409325835,0.0872015576
832,0.1448287098,0.1039644644
833,0.1422841171,0.0857753718
834,0.1366487172,0.0870354342
835,0.1426255969,0.1095234129
836,0.1497951006,0.0986963214
837,0.1407016607,0.1001248787
838,0.1390667947,0.0846101256
839,0.1376154743,0.0967168171
840,0.1548489085,0.086517976
841,0.1451930123,0.0833741051
842,0.1403524173,0.0892884849
843,0.1362926139,0.0834285687
844,0.1440628332,0.0837378568
845,0.1437957551,0.0945843842
846,0.1516317764,0.0934575059
847,0.1472830029,0.0832082144
848,0.1377398774,0.0843560306
849,0.1409572445,0.0838026237
850,0.1376485063,0.083845527
851,0.1418659748,0.0872554551
852,0.1379489842,0.0879932913
853,0.1352042545,0.0827129628
854,0.1538826089,0.0941449881
855,0.1461638784,0.0944949408
856,0.1440098626,0.0824290819
857,0.1410121671,0.0893291131
858,0.1538277821,0.0892876296
859,0.157871637,0.0920006121
860,0.1448070781,0.1026678479
861,0.1344868786,0.0963139684
862,0.1361129574,0.0847354301
863,0.1373232359,0.0964557217
864,0.1342775207,0.0827806635
865,0.1423766702,0.0902566667
866,0.1385380423,0.0851759337
867,0.1378883632,0.0827340335
868,0.1328547719,0.0894403536
869,0.1347045926,0.0871738162
870,0.1559814837,0.0864189223
871,0.1362404632,0.0964592525
872,0.1387862681,0.0942235301
873,0.1344774015,0.0970555172
874,0.1331123229,0.0918405377
875,0.1377379163,0.0963931981
876,0.1422046285,0.0992318528
877,0.1434358873,0.093886987
878,0.1595852473,0.0860172813
879,0.161059618,0.0912953793
880,0.1507513301,0.1032551171
881,0.1444268218,0.0993071541
882,0.1439612948,0.0925888508
883,0.1485369158,0.0992776138
884,0.1367208022,0.0938787618
885,0.1436536484,0.0865510651
886,0.1443810069,0.0874251297
887,0.1435822121,0.089912398
888,0.1694832919,0.087388965
889,0.1419941796,0.0845800837
890,0.1487174391,0.0866618783
891,0.1414129211,0.0851584629
892,0.141773083,0.104455452
893,0.1496276592,0.0976478339
894,0.1395379883,0.0882355137
895,0.1564863137,0.0860385783
896,0.1365113874,0.0904421222
897,0.1470395356,0.0893254631
898,0.1436687041,0.0874763528
899,0.1463111706,0.088060461
900,0.1495312341,0.1108023867
901,0.135483752,0.0840337189
902,0.1376421266,0.0851674213
903,0.1407968379,0.0891624584
904,0.1347710956,0.0835707722
905,0.144125275,0.0846744542
906,0.1365490583,0.0857939186
907,0.1364022551,0.0838022613
908,0.1347961561,0.0899919134
909,0.1541497532,0.0988575113
910,0.1537427621,0.1086284314
911,0.1412568539,0.0923983698
912,0.1400081761,0.0843921389
913,0.1398508623,0.0842384661
914,0.1412827539,0.100704902
915,0.1439081913,0.0878893462
916,0.1383385094,0.0966348715
917,0.1347770525,0.0876530766
918,0.1394293104,0.1069619584
919,0.1404865737,0.1020118251
920,0.1390161259,0.0856770776
921,0.1639881137,0.0855262914
922,0.1348778405,0.1009210899
923,0.1597894938,0.1068555042
924,0.1397287877,0.0890249206
925,0.1559415313,0.0985731722
926,0.1405896026,0.0972367853
927,0.1463127239,0.0889744244
928,0.1397928749,0.0836900905
929,0.147073511,0.084948064
930,0.1411341781,0.0889416429
931,0.1362275022,0.0820703344
932,0.1454600814,0.0918368994
933,0.1485660526,0.090389543
934,0.1431431382,0.0865132273
935,0.1355858431,0.0866123275
936,0.1348260881,0.1051287882
937,0.1417671627,0.0926889124
938,0.1370754373,0.08465731
939,0.1380959264,0.0854241272
940,0.148031054,0.0944192178
941,0.1413395978,0.1024433806
942,0.1643867935,0.0839260462
943,0.1432453287,0.0832445434
944,0.1408547668,0.0836653075
945,0.1385006807,0.0886610917
946,0.1380066475,0.0931800608
947,0.1382115951,0.0857643163
948,0.1421577182,0.086122132
949,0.1406077975,0.0846871697
950,0.1379356589,0.1039047896
951,0.1400375894,0.0956006224
952,0.1387759225,0.1016544934
953,0.137196243,0.1019486311
954,0.1419508835,0.0829819999
955,0.1438564015,0.0868709231
956,0.1346784126,0.0912211289
957,0.1474705771,0.0856592609
958,0.1424011883,0.0839668606
959,0.1435881273,0.0832479351
960,0.1345142216,0.0858476135
961,0.1378531646,0.0930085634
962,0.1341603605,0.1008555611
963,0.1395370771,0.0938058185
964,0.1351145082,0.090934272
965,0.1440353913,0.0861515075
966,0.1359973298,0.0955527015
967,0.1530096018,0.0876944569
968,0.1561621111,0.0998191064
969,0.143389185,0.0851501686
970,0.1419343679,0.0907452181
971,0.1390171029,0.0978620746
972,0.1471591391,0.095377312
973,0.1371465943,0.0847236914
974,0.1364598432,0.093230101
975,0.1468937058,0.0866375973
976,0.1370998024,0.089555766
977,0.1372037948,0.0858765016
978,0.1360837567,0.102420461
979,0.1526208682,0.0917190107
980,0.1639957214,0.092432728
981,0.1496119892,0.0877044038
982,0.1368169322,0.099917277
983,0.1363067945,0.0873833931
984,0.1574518903,0.0939440659
985,0.1398319938,0.0823918272
986,0.1373476853,0.0868949939
987,0.1369348534,0.0866214515
988,0.1373881468,0.0922821149
989,0.1413968908,0.0861824944
990,0.138214237,0.0994302121
991,0.1503913367,0.0880168518
992,0.1401453812,0.0846544843
993,0.1474268772,0.0901188308
994,0.1378335897,0.0950722731
995,0.1520696541,0.094707882
996,0.1595739903,0.0858512996
997,0.1562505287,0.0862757492
998,0.1329394968,0.0904616239
999,0.1398117767,0.0857716892
