case,distance,df_mics
0,0.3783636105,0.0910950589
1,0.3860510508,0.102738249
2,0.3715949036,0.084748837
3,0.3089770523,0.0978839825
4,0.2203196286,0.0852888525
5,0.3152324084,0.090673059
6,0.2113304998,0.0859278269
7,0.3786689132,0.08565409
8,0.3549884435,0.0913226057
9,0.3349788113,0.0835040625
10,0.2052523169,0.0839659861
11,0.2482548712,0.0925521358
12,0.355223944,0.0839280423
13,0.1531707412,0.0850827473
14,0.3181058318,0.0965118226
15,0.1920156191,0.097902154
16,0.3095839482,0.0935295356
17,0.3824722431,0.0940852595
18,0.451544987,0.0891470838
19,0.2682497384,0.0867450911
20,0.3207393062,0.0952370579
21,0.2282934894,0.0872679745
22,0.2518877063,0.0878120279
23,0.382057872,0.0874249648
24,0.1537188351,0.0903457041
25,0.2778189637,0.0860308462
26,0.2974987359,0.0832191747
27,0.250432585,0.0854669574
28,0.3773568404,0.0843964454
29,0.2836611064,0.0924747394
30,0.3974998198,0.0873240292
31,0.2587545016,0.0852399349
32,0.225070748,0.0946026131
33,0.33127801,0.1044167721
34,0.1906035062,0.0919929879
35,0.2266379638,0.0827728139
36,0.360756882,0.0963057671
37,0.3955196848,0.0917618661
38,0.3676516787,0.0878969665
39,0.1561426069,0.0843040002
40,0.4434498868,0.0922524103
41,0.2107176307,0.0860441538
42,0.2228239853,0.0851374641
43,0.2121978322,0.0839722552
44,0.2372011765,0.0990090951
45,0.3324254034,0.0903423883
46,0.4138545837,0.092460681
47,0.3195753602,0.0834622077
48,0.3770257248,0.1019130675
49,0.3280408257,0.093947338
50,0.4382225265,0.090792927
51,0.5410666089,0.115499406
52,0.2543419055,0.0949914623
53,0.3341493146,0.0834414803
54,0.1989327322,0.0847505929
55,0.1734330429,0.0916957065
56,0.3480299316,0.0899064881
57,0.3733679062,0.0850413502
58,0.2566118848,0.0870002722
59,0.4158583912,0.0947632351
60,0.2434101827,0.0987835491
61,0.3123786441,0.1001437362
62,0.3144161955,0.0845973901
63,0.3511843517,0.0864241085
64,0.2671212253,0.0890653504
65,0.3333895499,0.0886598262
66,0.2365125757,0.0853283082
67,0.1848981621,0.084128991
68,0.4172485663,0.0873182048
69,0.3064519126,0.0842165719
70,0.3136594811,0.0945977562
71,0.2751042924,0.0893172882
72,0.3002636278,0.0838265722
73,0.2463013516,0.0866029351
74,0.2122544089,0.0874403054
75,0.33277262,0.088673867
76,0.1713832365,0.1004069742
77,0.3776412132,0.0877181792
78,0.280133259,0.0833420888
79,0.2770405414,0.0962937743
80,0.4795679559,0.1014552607
81,0.2145879801,0.0989223784
82,0.3206108794,0.1068904137
83,0.3687586094,0.0926873477
84,0.3004839503,0.0877109369
85,0.132861564,0.1024809804
86,0.2337270483,0.1076176329
87,0.3280077736,0.0926798798
88,0.2590142324,0.0861641721
89,0.2843849628,0.092064882
90,0.2503517999,0.083691206
91,0.2813087576,0.0947994943
92,0.3660467365,0.0950981895
93,0.2994122138,0.105932647
94,0.2282251882,0.0968261762
95,0.3344841194,0.0880243121
96,0.2074325805,0.0879821883
97,0.2772461887,0.1001436822
98,0.5381217996,0.0937600794
99,0.1674526351,0.0858851405
100,0.2034314534,0.0869504052
101,0.2716879353,0.0850794411
102,0.3477631071,0.087507216
103,0.2610046986,0.0866278595
104,0.2189107255,0.082982787
105,0.2172331965,0.0910548799
106,0.2347745421,0.083314513
107,0.2065620162,0.0983022409
108,0.3041621459,0.086610486
109,0.447510044,0.0894018702
110,0.3683647048,0.0884461365
111,0.3645005357,0.0868692006
112,0.2919315566,0.0828294445
113,0.3286482385,0.0922683279
114,0.2041747361,0.0876363878
115,0.3167368274,0.0851012411
116,0.319396118,0.0864772273
117,0.32399579,0.0856198436
118,0.2482815383,0.0857914242
119,0.3228828314,0.0924730334
120,0.3710892802,0.0858206102
121,0.2955709231,0.0832122945
122,0.3374205214,0.0929006873
123,0.255952465,0.1060459809
124,0.3947135023,0.0969263983
125,0.2640014959,0.0850255673
126,0.4194207682,0.0886883507
127,0.2557096004,0.0823620905
128,0.2447391582,0.0863701774
129,0.37600209,0.0947670006
130,0.350931725,0.0944500979
131,0.3601002024,0.0850628231
132,0.2114901367,0.0844012937
133,0.3893162541,0.088317178
134,0.3181204881,0.0907326216
135,0.3083424036,0.0854875275
136,0.2173201241,0.0839046434
137,0.1410302003,0.0909769265
138,0.4162096046,0.0864698861
139,0.2073284017,0.0866576931
140,0.4388677918,0.1012637142
141,0.2823901296,0.0873947902
142,0.3893510144,0.095190217
143,0.1380403762,0.0911428023
144,0.390271071,0.0851129266
145,0.3405595156,0.0841763638
146,0.2954558382,0.0912457733
147,0.40162809,0.088757478
148,0.271616018,0.0905746942
149,0.3238898391,0.0924666733
150,0.3270859832,0.0911631207
151,0.2391727801,0.0962019298
152,0.3225715289,0.0950521464
153,0.1713952764,0.08292862
154,0.2703531676,0.0897581207
155,0.2369311757,0.0835373185
156,0.3120269664,0.0848476577
157,0.1952299903,0.0844770906
158,0.2626293313,0.0924459014
159,0.2246633215,0.0949168296
160,0.151118624,0.08511631
161,0.2479269782,0.0888584703
162,0.2616894818,0.0861093937
163,0.2789906525,0.0864562061
164,0.2272875093,0.0863544044
165,0.3558264472,0.0908869599
166,0.3280384689,0.0859439246
167,0.2866825267,0.0837146431
168,0.2965058117,0.0852665033
169,0.2240843088,0.0826097232
170,0.3344286896,0.0856646557
171,0.2101280819,0.0839831559
172,0.3396343942,0.0910851994
173,0.1108136083,0.0856785349
174,0.2624220453,0.0863220947
175,0.4238959615,0.09286076
176,0.4395515027,0.1026264338
177,0.4566069683,0.0859258912
178,0.230905918,0.0898384478
179,0.466405924,0.0882733281
180,0.1923629378,0.0821617489
181,0.2357606004,0.0881246126
182,0.279371723,0.0997710962
183,0.2784077215,0.0843844622
184,0.21439422,0.0866112548
185,0.4516805659,0.0867975717
186,0.2900904624,0.0915860957
187,0.248652904,0.0859773305
188,0.3197945853,0.0901123652
189,0.2953107634,0.0857239879
190,0.1867770836,0.0849886308
191,0.3402848269,0.0856249732
192,0.2772508815,0.0835859755
193,0.2757899925,0.0888625643
194,0.2702619056,0.0975917289
195,0.2917639815,0.0930565853
196,0.3280812288,0.085708716
197,0.3520289322,0.0847984326
198,0.3431118566,0.0901841638
199,0.2139360607,0.0933142316
200,0.4342400858,0.0917732384
201,0.3376651399,0.0869145468
202,0.4862452886,0.095648424
203,0.2193017496,0.0908741121
204,0.3031229129,0.0925192833
205,0.3968588082,0.0848174368
206,0.2298050286,0.0835291736
207,0.3169442778,0.0868888574
208,0.2902369784,0.0860517305
209,0.2722093128,0.0852203226
210,0.4297976567,0.0853044271
211,0.3280422702,0.0848877977
212,0.3755956791,0.1034669508
213,0.1981046672,0.0877576858
214,0.3933876513,0.0882020711
215,0.2403078241,0.0826791289
216,0.2293364218,0.0928702653
217,0.2105830733,0.08816849
218,0.3293228453,0.0852728277
219,0.1543950887,0.0916260362
220,0.3194566474,0.0840937053
221,0.2757416798,0.0839299474
222,0.3329090953,0.0883879669
223,0.2878541947,0.0957764184
224,0.2327335745,0.0852457174
225,0.2833821868,0.0885669257
226,0.2297060347,0.1030152017
227,0.2670881593,0.0896773931
228,0.3901182409,0.1069465477
229,0.1367853688,0.0889884607
230,0.2890113721,0.083160787
231,0.4242149724,0.0937117985
232,0.4042649346,0.118780808
233,0.2931288653,0.0885709376
234,0.4047074072,0.1003789253
235,0.2809702664,0.0884351105
236,0.2751063044,0.0847196878
237,0.2647296127,0.0937179119
238,0.2099104261,0.0876891475
239,0.4287515974,0.1131475639
240,0.2182788229,0.0930295168
241,0.2767462815,0.0862101422
242,0.4386115355,0.0897815458
243,0.3494911892,0.0907242668
244,0.2921031424,0.0961791796
245,0.1242165357,0.0857609896
246,0.3068276494,0.0888603149
247,0.3546415657,0.0844155288
248,0.2792071376,0.1047116994
249,0.4062430866,0.0886196427
250,0.2454300158,0.0869546845
251,0.2280611166,0.0965489992
252,0.2830959912,0.0863846855
253,0.3574757525,0.0869138866
254,0.3054634933,0.0874474681
255,0.3845137202,0.090299962
256,0.2790722605,0.0853462909
257,0.421791381,0.1012642056
258,0.3416922491,0.135287246
259,0.2248917979,0.0901240182
260,0.2783941382,0.0868169873
261,0.4220522968,0.1057319
262,0.1361813971,0.0883150427
263,0.2980707625,0.0834719728
264,0.2816306153,0.0859798753
265,0.3420021379,0.0843838784
266,0.4070208354,0.0864515886
267,0.4056705632,0.0847645856
268,0.2987410753,0.0872052032
269,0.3166165069,0.0860171348
270,0.3311288888,0.0867620017
271,0.3251512443,0.0849966487
272,0.2807415483,0.084897602
273,0.2650116836,0.0856620906
274,0.3597602094,0.0964311021
275,0.2934510251,0.0854167545
276,0.419314059,0.092676452
277,0.3415026153,0.0967460796
278,0.301422724,0.0922211026
279,0.2082392482,0.0873943132
280,0.3330011132,0.0882903972
281,0.1541870682,0.0826687057
282,0.2009784011,0.0905955636
283,0.334650244,0.0926733254
284,0.3129611229,0.0869953182
285,0.4507423891,0.0941362584
286,0.2622997883,0.0916684769
287,0.3028065822,0.0833177606
288,0.3373910381,0.0846368981
289,0.1768095874,0.0928193818
290,0.2523828653,0.0842300997
291,0.3606187821,0.1056235448
292,0.3261738064,0.0886906399
293,0.2378770671,0.0843189627
294,0.2703789526,0.0886077196
295,0.3697232355,0.0856431075
296,0.2957409897,0.0841969695
297,0.2240378164,0.0845829502
298,0.2800414593,0.0828979189
299,0.2921273482,0.096517246
300,0.2920571008,0.0847494834
301,0.386121958,0.0867005855
302,0.2604497137,0.0833387279
303,0.3011943894,0.0896066588
304,0.409252398,0.0868599791
305,0.2213393469,0.0870609579
306,0.1535686438,0.0939107525
307,0.4264152695,0.0983367943
308,0.3436013955,0.0851107166
309,0.2081054582,0.0827006207
310,0.2916886326,0.0846628692
311,0.2649768385,0.0942846368
312,0.2903778949,0.0856044471
313,0.3699035149,0.1043332994
314,0.2370862105,0.0909626192
315,0.3937481108,0.090482606
316,0.1934666479,0.1109911771
317,0.2735502724,0.1166408623
318,0.2115907703,0.0828784736
319,0.2241299387,0.0841946335
320,0.2010316793,0.0836324766
321,0.3222565163,0.0996747859
322,0.303380483,0.0997918071
323,0.2903387074,0.088645063
324,0.2651739203,0.1028802659
325,0.2115303164,0.0829146752
326,0.4475798601,0.1015458087
327,0.3968646346,0.0847771281
328,0.1218334879,0.0844937012
329,0.329680612,0.0972216952
330,0.1909472035,0.0857653693
331,0.4367126475,0.0830250667
332,0.2975453564,0.0846257146
333,0.2490864499,0.0856681864
334,0.1225595929,0.08970183
335,0.2538023442,0.0941182269
336,0.3834820686,0.0874115914
337,0.3677796516,0.1029880878
338,0.2777234396,0.0830537517
339,0.1640373414,0.0835303282
340,0.2755942881,0.0837169183
341,0.3391017329,0.0867591231
342,0.3205907506,0.0956457651
343,0.2351913331,0.0831544505
344,0.4126695433,0.0913309148
345,0.1699175382,0.0848554222
346,0.4633826265,0.0876574602
347,0.4742719749,0.0945444594
348,0.1618069529,0.0870009012
349,0.2497491666,0.0938946442
350,0.2598836448,0.0833544726
351,0.2929589497,0.0922294558
352,0.168345384,0.0833682991
353,0.4352485691,0.0897116657
354,0.2813705438,0.0938708965
355,0.1789574724,0.0862086924
356,0.3719279955,0.0905332142
357,0.4297917856,0.0929932794
358,0.237042302,0.085779495
359,0.3051782852,0.0833070384
360,0.3118726719,0.0888720179
361,0.2335630175,0.0841415707
362,0.3840219414,0.0888135362
363,0.2887476355,0.0855758693
364,0.4501706701,0.0905756583
365,0.2071405175,0.0851487774
366,0.3779417471,0.1032108932
367,0.3265299567,0.0871592937
368,0.35820845,0.0835402763
369,0.3702683441,0.0956652133
370,0.3922036542,0.1014766129
371,0.2941560661,0.0845932683
372,0.3552243656,0.0853235146
373,0.406477481,0.0901990442
374,0.3037917296,0.0902080389
375,0.3140640084,0.0870407794
376,0.3159864513,0.0853640343
377,0.1787477904,0.0935415336
378,0.3074308944,0.0923892324
379,0.3654585839,0.0872707706
380,0.2863378546,0.0913771675
381,0.3948883439,0.0916041974
382,0.3494211329,0.0866043289
383,0.388067802,0.0843314021
384,0.244693629,0.0943690807
385,0.2667755826,0.0832271982
386,0.2893051571,0.0916541344
387,0.3735598803,0.0925642976
388,0.2811674127,0.0863548382
389,0.2400670954,0.0829665319
390,0.4855980611,0.0917891581
391,0.2109506261,0.0866640875
392,0.2973340853,0.1261404536
393,0.4263000426,0.0898582473
394,0.3890066768,0.0883063701
395,0.2476357604,0.0889749304
396,0.198608891,0.0844501352
397,0.2898818991,0.0903774857
398,0.4016742872,0.0905681936
399,0.1839643477,0.0935319338
400,0.2410776029,0.0829705411
401,0.2124199976,0.1142876792
402,0.3603636193,0.0865394703
403,0.2692087232,0.0974484852
404,0.2764476565,0.0913696295
405,0.3576406701,0.0952580042
406,0.2927811294,0.0881623182
407,0.1920884036,0.0850524085
408,0.1729658602,0.0969860939
409,0.1405922084,0.0829333114
410,0.3230005603,0.0867596168
411,0.2051320872,0.1044445489
412,0.2698540284,0.0835333312
413,0.3711693794,0.0869625479
414,0.2550481152,0.0851599189
415,0.2411394735,0.0868030579
416,0.4511732767,0.0865722831
417,0.2677699435,0.0844112005
418,0.2044509021,0.1023699143
419,0.3892755876,0.0899314958
420,0.335607723,0.0843388653
421,0.3211177763,0.0880669555
422,0.2588219704,0.0957716625
423,0.2538675481,0.0841425088
424,0.4560517263,0.109425347
425,0.195223856,0.0867834767
426,0.2547281964,0.0883854735
427,0.3274728598,0.0845770091
428,0.3407946918,0.0895056015
429,0.2217031765,0.0831664597
430,0.3101465855,0.0865063076
431,0.3601095494,0.1058693467
432,0.3869351238,0.0830228396
433,0.2865545369,0.0839774417
434,0.3504499505,0.0827395253
435,0.26988215,0.0952251681
436,0.2162602039,0.0854592457
437,0.3884964669,0.0992727415
438,0.1911872031,0.0842657328
439,0.3329828224,0.0934488268
440,0.3985442597,0.0857654824
441,0.3052638257,0.0852155641
442,0.3223304812,0.0899433099
443,0.2557641263,0.0902602081
444,0.2520955896,0.0845374175
445,0.2892496168,0.0984093184
446,0.312745177,0.0920193883
447,0.3035941818,0.1110304149
448,0.4139867378,0.0839428559
449,0.2666118446,0.0852262549
450,0.3167988776,0.0951143337
451,0.2275119721,0.0824941018
452,0.3086787894,0.0861147273
453,0.3058882381,0.0878674624
454,0.2204978843,0.0858815119
455,0.4290191334,0.0967509546
456,0.215592826,0.0945968738
457,0.3394909246,0.0840095059
458,0.4506449969,0.0995502447
459,0.1640323674,0.0898018754
460,0.1596162918,0.09267174
461,0.2157505067,0.0839591164
462,0.2205239735,0.0850916316
463,0.2365909682,0.0927534792
464,0.097642145,0.1045016195
465,0.3118012949,0.0871959551
466,0.3271751514,0.0957669065
467,0.2431417803,0.0844459167
468,0.3845460854,0.0856088805
469,0.4027119328,0.0856054745
470,0.3067064351,0.0856750763
471,0.4163044251,0.0887870162
472,0.3282729784,0.096391697
473,0.3876605243,0.0928019718
474,0.4067959293,0.0842188811
475,0.3574386984,0.0920182629
476,0.3543410408,0.084642108
477,0.2114849865,0.0949947261
478,0.1694421691,0.0869558505
479,0.3623043762,0.0890323247
480,0.2811945947,0.0940035372
481,0.2310160593,0.0874595595
482,0.1765370649,0.0960003533
483,0.3121973181,0.0901731177
484,0.3412899319,0.095087279
485,0.2140249218,0.0824071882
486,0.3329952504,0.0842574431
487,0.2465236146,0.1095316914
488,0.3088057572,0.0943309433
489,0.342273372,0.1084660629
490,0.2328787418,0.0831959363
491,0.2310347648,0.083882688
492,0.4458973206,0.0887784443
493,0.2870730131,0.0825244681
494,0.3714811151,0.0856052402
495,0.1888389604,0.0829357324
496,0.2636292144,0.0860961986
497,0.3227849862,0.0860401054
498,0.3664077816,0.0902190875
499,0.3749548888,0.0837707816
500,0.3767578335,0.0878647802
501,0.3165100854,0.0918507141
502,0.3443176317,0.1063595045
503,0.2710300531,0.0851467217
504,0.3806364859,0.0864387704
505,0.2087600578,0.13073584
506,0.3424561485,0.1106178344
507,0.3062089028,0.0831780422
508,0.353188422,0.0911523902
509,0.2302553405,0.0989534819
510,0.2059161691,0.0840476212
511,0.2431757321,0.083449653
512,0.394635518,0.0975518914
513,0.3184784451,0.0879717388
514,0.3384733128,0.0943133953
515,0.4772697174,0.0881683079
516,0.3038227811,0.083945723
517,0.2952404489,0.0964568733
518,0.4138879664,0.0876542073
519,0.2894823861,0.0900944916
520,0.5339446377,0.103979867
521,0.3770845193,0.085517028
522,0.3235351756,0.0896084272
523,0.2493856801,0.082652686
524,0.2663379008,0.0824575617
525,0.4384654465,0.0871381315
526,0.3771531402,0.086281508
527,0.0818926386,0.0851052705
528,0.267767429,0.0900501747
529,0.292491599,0.0888726105
530,0.3908597355,0.0912974006
531,0.3227409914,0.0896767218
532,0.2823458862,0.092355289
533,0.455725885,0.0852040228
534,0.3434662899,0.0871353582
535,0.2972007709,0.0868126356
536,0.2116589618,0.087490378
537,0.3017909853,0.0891418294
538,0.4063602222,0.0853207214
539,0.2374458212,0.0869269354
540,0.3839003783,0.0893416295
541,0.3497826812,0.0872406735
542,0.257479307,0.0970675743
543,0.295378785,0.0980725255
544,0.362447324,0.0904320341
545,0.1984206991,0.0849347908
546,0.2221703486,0.0878545432
547,0.3246023289,0.0927309173
548,0.3635479979,0.0841049215
549,0.3025149504,0.0839877217
550,0.2711385854,0.0829294776
551,0.3014801289,0.0850734171
552,0.3361731473,0.0922382061
553,0.2835405955,0.0882606609
554,0.4659224525,0.1029732984
555,0.3126895919,0.0882062612
556,0.3399059798,0.0839977182
557,0.3699541247,0.0899382535
558,0.4078313565,0.0921343444
559,0.3363175061,0.0845227602
560,0.3910210473,0.1047390412
561,0.3147725024,0.1057601455
562,0.2209615843,0.0818664596
563,0.3675708246,0.0897053117
564,0.3873964955,0.0976545346
565,0.2000915966,0.0859494917
566,0.4596988887,0.0936101984
567,0.3751650566,0.0921263089
568,0.2840931871,0.0841627041
569,0.3934155417,0.0922133514
570,0.4054760696,0.0874596666
571,0.3263217722,0.0866176676
572,0.1114995562,0.0858311057
573,0.2868625474,0.0833215842
574,0.3516287769,0.1075995316
575,0.2295835065,0.0851929005
576,0.2014064175,0.0856856266
577,0.3764047037,0.0937088447
578,0.2228632387,0.0836387653
579,0.278599364,0.0993747966
580,0.349878526,0.0962965489
581,0.3266289601,0.0918233626
582,0.2222696189,0.0881086916
583,0.2863139379,0.0853051778
584,0.4390288595,0.0998012454
585,0.264277131,0.0842097308
586,0.4454632966,0.0883206859
587,0.1392288311,0.0916468341
588,0.3915845125,0.116246745
589,0.4204109287,0.0853758521
590,0.2689256687,0.0905075152
591,0.2675893884,0.0847423092
592,0.3820964033,0.0955785553
593,0.2772328795,0.1018614206
594,0.2518503842,0.0867123847
595,0.2687771488,0.1003440307
596,0.2552966998,0.0904902888
597,0.3414903496,0.0843916411
598,0.2644808337,0.0852783877
599,0.3687440644,0.0907422078
600,0.2283466847,0.0844485545
601,0.3458607326,0.08736947
602,0.3526941174,0.0926353406
603,0.2176140681,0.0903426173
604,0.3459350795,0.0918065588
605,0.3081197662,0.0886905354
606,0.2834121238,0.0996381613
607,0.3081388136,0.0857387263
608,0.2992560451,0.1170891108
609,0.2974514143,0.1008963257
610,0.338806558,0.09342776
611,0.4075663375,0.088178812
612,0.305875337,0.0840305703
613,0.1641172466,0.0989393026
614,0.2985481012,0.0840475386
615,0.1479681784,0.0827788115
616,0.3121445342,0.0882465331
617,0.4796003416,0.1390345573
618,0.3476995219,0.086889752
619,0.2597550921,0.0982405544
620,0.2364486773,0.086029982
621,0.2290535218,0.08603709
622,0.3021257943,0.093002071
623,0.3302739759,0.0854264548
624,0.2445830841,0.0873363157
625,0.2756333462,0.0827160224
626,0.2793660986,0.0898027505
627,0.2637371668,0.0861481449
628,0.1745100466,0.0875341536
629,0.3729264336,0.0844298494
630,0.1569900234,0.0844581085
631,0.1922442957,0.0843519844
632,0.4164698124,0.0863526707
633,0.3088354226,0.092345808
634,0.2297444482,0.1042086271
635,0.2552682363,0.1044728196
636,0.271091537,0.0866111688
637,0.4422702439,0.0869299148
638,0.4012100919,0.0850937659
639,0.3205808532,0.0840875233
640,0.2550007054,0.0887618081
641,0.3597670736,0.0884694401
642,0.3304924706,0.1162080296
643,0.3197203046,0.087708463
644,0.342151927,0.0937830982
645,0.2628552429,0.0838172196
646,0.2758178296,0.0887738046
647,0.3079994802,0.0827948479
648,0.392810144,0.0931357877
649,0.1980012403,0.0839148186
650,0.426490397,0.0902125009
651,0.2980082729,0.0970890308
652,0.3033525673,0.0882007973
653,0.3684324564,0.0894291717
654,0.2919937068,0.0855866303
655,0.2050411516,0.0863363394
656,0.3483240142,0.0849391689
657,0.3113108182,0.0948139092
658,0.2426310541,0.0842352877
659,0.1634875078,0.0984991128
660,0.3051261095,0.0849953679
661,0.4277096212,0.0908313585
662,0.4281837477,0.0859423976
663,0.2047497634,0.0830239524
664,0.3268191394,0.084864148
665,0.4409889381,0.0961107745
666,0.2669055981,0.0838558425
667,0.3685497324,0.0843221807
668,0.3607448278,0.084290758
669,0.3061987932,0.0943894571
670,0.3194195998,0.0851057193
671,0.4166910239,0.0991115896
672,0.3238304365,0.0835625929
673,0.194064715,0.0873911048
674,0.3160295912,0.084005093
675,0.2813650684,0.0918002329
676,0.3133779311,0.0874053774
677,0.2322084988,0.0900207952
678,0.298005182,0.0835905011
679,0.3871580597,0.0955644032
680,0.4465607347,0.0860100496
681,0.2621000689,0.086719502
682,0.210708111,0.0863316666
683,0.1533339178,0.0998965883
684,0.2754498171,0.0927371608
685,0.2624190001,0.0884147833
686,0.3481184006,0.0878384944
687,0.2312208938,0.0822152111
688,0.4767483917,0.0887339957
689,0.1978649361,0.0938312541
690,0.3465935763,0.086398225
691,0.3267261917,0.0835103338
692,0.4650211622,0.0890135535
693,0.3519225249,0.0979617625
694,0.3435402338,0.0843581196
695,0.3198486983,0.0837600646
696,0.3042321307,0.0841431477
697,0.3319748037,0.0871066901
698,0.3380813517,0.1042723816
699,0.4153666876,0.1077492071
700,0.3245791042,0.0852625794
701,0.2321114681,0.0841140069
702,0.3704168465,0.0963435778
703,0.2387646246,0.082757182
704,0.3207450485,0.0859229404
705,0.3501446775,0.0982206296
706,0.3090596333,0.0963133045
707,0.3359442942,0.0885556963
708,0.2079411641,0.0877170978
709,0.3508371596,0.0934603903
710,0.4058807321,0.0893941897
711,0.2366833783,0.0848792898
712,0.2996213463,0.0865087995
713,0.3212834496,0.0851839604
714,0.4598544408,0.1007409458
715,0.3832527106,0.085849077
716,0.2910447552,0.1032557953
717,0.3679657334,0.1021839119
718,0.5721085872,0.0970242726
719,0.2437266022,0.0871870634
720,0.3637967874,0.0912863294
721,0.3999439593,0.0959249369
722,0.3405530521,0.0856866262
723,0.2311469535,0.0836276697
724,0.2091692547,0.085237503
725,0.2985711987,0.1034988372
726,0.110081585,0.0878785063
727,0.4047812498,0.0946206722
728,0.4442575906,0.0854059891
729,0.3983501985,0.0987026175
730,0.2447147476,0.0935961971
731,0.3068550165,0.0835139126
732,0.3169498386,0.0876971305
733,0.2275586807,0.0836449627
734,0.3383359104,0.0903337528
735,0.3615204925,0.0843181502
736,0.2706429252,0.0836543849
737,0.3075042734,0.0928786852
738,0.3899299295,0.0891526325
739,0.3053983968,0.0912432274
740,0.2770049705,0.0875218131
741,0.2722001775,0.0912798331
742,0.2386567201,0.095456067
743,0.1635169987,0.10891689
744,0.2439245375,0.0855134275
745,0.2437785651,0.0824430162
746,0.3568431629,0.088511009
747,0.2922708706,0.0842879926
748,0.2572037035,0.09505608
749,0.2865063211,0.086405279
750,0.4673786206,0.0868205372
751,0.3744460684,0.0921291822
752,0.3195333745,0.0836401707
753,0.3455976676,0.0855466092
754,0.2027603532,0.0873384982
755,0.264447462,0.0835480588
756,0.1168997466,0.085393501
757,0.2713679985,0.089435909
758,0.1446370198,0.086625742
759,0.2964024081,0.0943260845
760,0.347055258,0.094135921
761,0.2835862801,0.0831276398
762,0.3407554662,0.0854070091
763,0.276024112,0.0858531039
764,0.1860769031,0.0837474634
765,0.3097191813,0.0842104838
766,0.3461463543,0.0984611177
767,0.210317327,0.0896260113
768,0.2968008711,0.0924929349
769,0.2944571995,0.0850011031
770,0.3747337056,0.0886965619
771,0.2513511506,0.0855243692
772,0.3706253847,0.0900415684
773,0.3429455828,0.0859188452
774,0.2345095896,0.0849420678
775,0.3630635381,0.0848552025
776,0.3806467863,0.0966511603
777,0.290372753,0.0885641099
778,0.18658273,0.0857706214
779,0.4251828695,0.1022551548
780,0.389806936,0.0893403713
781,0.2716925704,0.0939396486
782,0.350147233,0.0843943864
783,0.3572062935,0.0908690351
784,0.3844861507,0.0870700136
785,0.3542269513,0.0876133973
786,0.3168846207,0.0862348806
787,0.2634073502,0.0931564452
788,0.3819754549,0.1040398993
789,0.2786414557,0.0833592179
790,0.4839744559,0.0880089216
791,0.352543421,0.0886980299
792,0.3121307129,0.0871768524
793,0.3050691341,0.0895075321
794,0.4711051019,0.0904901677
795,0.3048111382,0.1044296121
796,0.2839948735,0.0844263778
797,0.2727280287,0.0946556146
798,0.3444926313,0.0868379257
799,0.292705409,0.0854323047
800,0.2374863879,0.082230712
801,0.4270748272,0.0955578279
802,0.333624404,0.0892724519
803,0.3457330262,0.0846653996
804,0.3802132632,0.0877659718
805,0.2467633137,0.0889165889
806,0.2887650634,0.085386648
807,0.3431536322,0.0966677016
808,0.2458752896,0.0825969796
809,0.3723388708,0.0925077501
810,0.3411133392,0.1048855655
811,0.2751834915,0.0910312121
812,0.3023095648,0.085925266
813,0.3835041404,0.095480331
814,0.3295751476,0.0960774516
815,0.4166747379,0.0952081187
816,0.4534095612,0.0866038079
817,0.2795323569,0.0884732861
818,0.332126258,0.093959768
819,0.3536777369,0.0977888691
820,0.373884161,0.0939669868
821,0.3362889426,0.0902559958
822,0.2029721101,0.0945591733
823,0.3279939424,0.0878657386
824,0.4249830094,0.0929594831
825,0.2573393076,0.0876955519
826,0.3630394299,0.0848927387
827,0.3384544546,0.0844685432
828,0.1692505127,0.0981439146
829,0.287175653,0.0943735245
830,0.2869775986,0.0837818564
831,0.2088448912,0.0837737357
832,0.2768985505,0.0855935269
833,0.2601095617,0.0961222348
834,0.2259696401,0.0855255462
835,0.2835450707,0.083161215
836,0.1753789327,0.0837019958
837,0.2834852542,0.089011251
838,0.1257166684,0.0825675262
839,0.2601445096,0.0886644378
840,0.206549161,0.0849354269
841,0.2429996535,0.0872309885
842,0.5445562914,0.104419939
843,0.1931642447,0.0848801714
844,0.1812961664,0.0838826401
845,0.2540705667,0.1005856672
846,0.4927404122,0.1050025907
847,0.3253077534,0.0941420565
848,0.2806194764,0.0860640502
849,0.3000121372,0.1027175288
850,0.4627784593,0.0939214765
851,0.3099714472,0.0846751845
852,0.379033524,0.0943717848
853,0.4328841174,0.0910514744
854,0.3368301519,0.0843139196
855,0.3665855413,0.0913264321
856,0.205883588,0.0872268785
857,0.3144795027,0.0836319141
858,0.2573634281,0.0854836211
859,0.3789249439,0.0984706995
860,0.213353715,0.108768197
861,0.2946856712,0.0938459861
862,0.4335609151,0.1045521014
863,0.3612394182,0.091352093
864,0.2567944194,0.0842162686
865,0.3697555652,0.0919332484
866,0.2710349825,0.0832384604
867,0.1579940571,0.0826132177
868,0.258393402,0.0911985564
869,0.4665886387,0.0868595572
870,0.3720874308,0.1025998953
871,0.3423947012,0.0941098594
872,0.3283899538,0.0895040543
873,0.3592323407,0.0852495796
874,0.2503918332,0.0899235646
875,0.316577013,0.0995903182
876,0.1779637883,0.0835115878
877,0.2858432102,0.0859236259
878,0.3895819722,0.0868894225
879,0.3445713539,0.0828957282
880,0.2041668714,0.0838654844
881,0.2701974862,0.0844891422
882,0.2070159053,0.1010552645
883,0.2178019915,0.0900628946
884,0.4361902511,0.0980650201
885,0.2969640584,0.0876527642
886,0.3716825054,0.087152919
887,0.1733124137,0.0884766184
888,0.2684675175,0.0903815575
889,0.3192653305,0.0864299134
890,0.2157195189,0.0858291838
891,0.205172962,0.0821857595
892,0.3950557869,0.1102987763
893,0.3347210044,0.100206609
894,0.2577288952,0.0862343762
895,0.3901526851,0.0964150268
896,0.2660417824,0.0879255946
897,0.1368434423,0.0910406091
898,0.482427071,0.0869015974
899,0.3682859242,0.1018351708
900,0.3599833733,0.0927417824
901,0.3464233644,0.0962630383
902,0.2777987142,0.0829496566
903,0.311777931,0.0848636326
904,0.4508371154,0.0939569171
905,0.3715518729,0.0976641263
906,0.2628654133,0.1050474542
907,0.4966247061,0.0974441543
908,0.3032896439,0.0935752938
909,0.2465712959,0.0852527431
910,0.1734014374,0.0843869812
911,0.2394347732,0.0873698231
912,0.1802798258,0.0835191614
913,0.2495850217,0.0847781227
914,0.2067844984,0.0876955439
915,0.4003382302,0.0930749531
916,0.429605065,0.0873709325
917,0.3924641871,0.0984527032
918,0.2757197757,0.0837919642
919,0.3978830935,0.1051473449
920,0.2487813187,0.0888728705
921,0.2545395287,0.0826083529
922,0.3622955902,0.0871409324
923,0.1801701189,0.0872880373
924,0.2862326047,0.0874184015
925,0.1926992865,0.1144597103
926,0.4558888547,0.129471783
927,0.3337832679,0.0875752364
928,0.1748996458,0.0827896569
929,0.3302810825,0.0853600002
930,0.4209668185,0.1108381975
931,0.1802039453,0.0874814986
932,0.3445038805,0.0839577554
933,0.2664354082,0.0937299832
934,0.3325559126,0.0844920607
935,0.4019672772,0.0896226304
936,0.3416798129,0.0861722027
937,0.2547174985,0.0826471851
938,0.2254331951,0.0856096926
939,0.2497118179,0.090553558
940,0.3449307303,0.0840856094
941,0.2595635282,0.0996635193
942,0.2038724952,0.088424991
943,0.3022834811,0.0849433116
944,0.3007308157,0.0836542691
945,0.2896824537,0.0920658119
946,0.2221789918,0.0854136102
947,0.2935855585,0.0898207352
948,0.3074807775,0.0833117102
949,0.2699724817,0.0841095138
950,0.2227455586,0.0830525106
951,0.2324247988,0.0833736335
952,0.336991255,0.0858369356
953,0.3918607015,0.0925581483
954,0.2909388761,0.0865429399
955,0.4322380572,0.0972025472
956,0.3406559075,0.0994799492
957,0.2994080637,0.1166695521
958,0.2706152223,0.0854209967
959,0.2790741463,0.0924478078
960,0.2595310555,0.0826519919
961,0.4040662488,0.1074208502
962,0.3306924458,0.0948130137
963,0.4308666829,0.0896843855
964,0.2395102069,0.0855302731
965,0.2743886087,0.0946357625
966,0.3749059371,0.1105162755
967,0.3640773568,0.0855945852
968,0.2235131035,0.0839416002
969,0.2336293289,0.0872063205
970,0.3511605586,0.0881680019
971,0.3552900762,0.0885429777
972,0.2105829565,0.0891653613
973,0.3362515837,0.094109339
974,0.2080935334,0.0868967757
975,0.2196909055,0.0837113055
976,0.3199001692,0.0848333073
977,0.2366346287,0.0931250592
978,0.410876902,0.0897327968
979,0.3359613186,0.0889285582
980,0.3775183815,0.0894262229
981,0.3890948835,0.0914114583
982,0.289990498,0.0870567985
983,0.2470930425,0.0828396028
984,0.27654591,0.0833310725
985,0.2083282294,0.0859865399
986,0.3279361376,0.0894471841
987,0.2237538329,0.0924637627
988,0.385734218,0.1059152692
989,0.2468407782,0.0842389231
990,0.2896832921,0.0868154948
991,0.3261830533,0.0891651469
992,0.4601832807,0.0892042598
993,0.2698952346,0.0886745247
994,0.2937837564,0.0868140579
995,0.3532555295,0.1007314491
996,0.3036000683,0.0905129237
997,0.353768862,0.0890934263
998,0.3798815418,0.1094793955
999,0.4464408721,0.0964704643
1000,0.3503855682,0.0950771934
1001,0.2852117048,0.0850135806
1002,0.4467049613,0.1012633277
1003,0.3403784405,0.0861713615
1004,0.2814369172,0.0833142605
1005,0.2363524518,0.0927448771
1006,0.1671496361,0.0890564653
1007,0.3251398217,0.1003687539
1008,0.2315932497,0.0841347077
1009,0.262035471,0.0856443826
1010,0.4344819445,0.0946649303
1011,0.388337915,0.1002249075
1012,0.2659366683,0.0975655582
1013,0.3420201553,0.0987985644
1014,0.3425381568,0.0851031037
1015,0.3408206724,0.0845696348
1016,0.3026461282,0.0942270601
1017,0.2988030328,0.0862588808
1018,0.420858821,0.0878311691
1019,0.2257469173,0.0905976797
1020,0.3559893621,0.0975588797
1021,0.3727667281,0.08454371
1022,0.4253057492,0.0959030116
1023,0.106206438,0.0851938416
1024,0.3356190111,0.0866968389
1025,0.2862552964,0.0905760787
1026,0.3713025473,0.092719784
1027,0.3544906077,0.0863317895
1028,0.4884716738,0.0980276819
1029,0.3343520653,0.107841395
1030,0.3827967513,0.0951131038
1031,0.2235408362,0.0895070061
1032,0.2911145229,0.0853766631
1033,0.3385390144,0.0846906725
1034,0.1892153053,0.0989459607
1035,0.2408588861,0.0844615451
1036,0.4039529032,0.1010102
1037,0.2741201496,0.0964980329
1038,0.2569278626,0.1104926531
1039,0.2297170895,0.0831031935
1040,0.2033882626,0.0867736406
1041,0.4145100922,0.0971319247
1042,0.3337902593,0.0909609064
1043,0.3364214627,0.0888849534
1044,0.3780782191,0.0855085697
1045,0.2352174491,0.0838918991
1046,0.4051015424,0.0895957379
1047,0.3059809575,0.092440634
1048,0.3386590879,0.0853168787
1049,0.2650674604,0.0943865024
1050,0.4851980472,0.0869917806
1051,0.3242097168,0.0839639624
1052,0.258588009,0.0889890672
1053,0.2561208189,0.0845192711
1054,0.3207679151,0.1015917812
1055,0.3109694358,0.1190458815
1056,0.3253197528,0.0892159787
1057,0.3061785482,0.0975253309
1058,0.3619676264,0.1069900458
1059,0.332403062,0.0845503693
1060,0.3911201821,0.0943001168
1061,0.2959099397,0.0984639013
1062,0.3251837548,0.0891372927
1063,0.2708575027,0.0893294628
1064,0.348067608,0.0920343169
1065,0.3636457747,0.0997062062
1066,0.2733581548,0.0829558472
1067,0.2795528223,0.0895059059
1068,0.2941606791,0.083979555
1069,0.3239544977,0.0855043306
1070,0.3376329276,0.0888196878
1071,0.3619796546,0.0856217236
1072,0.295959885,0.088415467
1073,0.3193703423,0.0869144357
1074,0.3906032081,0.0856535912
1075,0.3403269576,0.0909399656
1076,0.3494610942,0.1003686487
1077,0.1875379066,0.0923295532
1078,0.3883690411,0.0874531202
1079,0.1970592915,0.084005973
1080,0.1447613841,0.084794092
1081,0.2257607047,0.0933846429
1082,0.3366703866,0.0945099073
1083,0.4663735502,0.0979473596
1084,0.3923934553,0.0857328821
1085,0.2412109528,0.0885275109
1086,0.2894738362,0.0846545522
1087,0.2242241415,0.0929036074
1088,0.4044113343,0.0967191012
1089,0.3471764658,0.0845460396
1090,0.3716800373,0.0892816084
1091,0.4475325958,0.0882196664
1092,0.4282526551,0.0942237846
1093,0.32944472,0.0927304502
1094,0.1973290673,0.0953672387
1095,0.2263935636,0.0853137177
1096,0.3867692841,0.0890493839
1097,0.2289222939,0.092427166
1098,0.2918213141,0.097068221
1099,0.3404772681,0.0838553867
1100,0.2074217794,0.0823693695
1101,0.2931056842,0.0845083498
1102,0.3800684695,0.0914900264
1103,0.278268116,0.0893643173
1104,0.3723919492,0.0856959347
1105,0.1818468141,0.0973094018
1106,0.4538421569,0.095353242
1107,0.172765822,0.0821379264
1108,0.3038866342,0.0979525033
1109,0.2941141941,0.092594333
1110,0.3658186718,0.0937706588
1111,0.3948400471,0.0868330973
1112,0.3547514514,0.0871537258
1113,0.4628382834,0.0985190431
1114,0.3512497181,0.0865514301
1115,0.2325407639,0.0901666297
1116,0.2991350784,0.0882426618
1117,0.4438054912,0.0927093087
1118,0.1930968193,0.0886651488
1119,0.4845496862,0.0952172083
1120,0.1838336492,0.0857870363
1121,0.2920799254,0.0897151785
1122,0.4522731383,0.0869972045
1123,0.3094398222,0.0841669315
1124,0.352995005,0.0956057333
1125,0.3505853193,0.0865100634
1126,0.4588340872,0.1003092292
1127,0.3097306355,0.111950408
1128,0.3471005607,0.0867430918
1129,0.1968581737,0.0833820594
1130,0.2831317538,0.0861629647
1131,0.2093516183,0.0850582369
1132,0.2547437605,0.0899406114
1133,0.1800214284,0.1019645837
1134,0.2785995279,0.0853245078
1135,0.3377338698,0.0990769144
1136,0.3454778605,0.0868643121
1137,0.3554180185,0.0878148226
1138,0.309268909,0.1023114142
1139,0.4171402104,0.0868098872
1140,0.269581969,0.0844185554
1141,0.2083302626,0.0868280859
1142,0.124905179,0.0901182185
1143,0.3231878514,0.083167148
1144,0.3231001209,0.083903211
1145,0.3933039964,0.0902841002
1146,0.210655529,0.0959833135
1147,0.452481788,0.1000830594
1148,0.3074251418,0.0968749416
1149,0.199895102,0.0975784297
1150,0.3378271656,0.0839810909
1151,0.2275857624,0.0908095431
1152,0.2083216584,0.0826192606
1153,0.2916974292,0.0842212644
1154,0.213274437,0.0831344816
1155,0.20730085,0.084641649
1156,0.3274580166,0.0852033722
1157,0.3175253368,0.1034295788
1158,0.2603453096,0.0853775902
1159,0.3961296699,0.0937875865
1160,0.3080325355,0.0847587955
1161,0.3295028654,0.0852925322
1162,0.3690724802,0.0867677818
1163,0.4544687016,0.09721171
1164,0.3080403131,0.0847974842
1165,0.3521797115,0.0939387419
1166,0.3185355705,0.0849856749
1167,0.2123448033,0.0919052874
1168,0.2345968734,0.0924773948
1169,0.2128305592,0.0858962408
1170,0.3180873517,0.1112572781
1171,0.1637967152,0.0936210845
1172,0.3507562609,0.0859265878
1173,0.2711360582,0.0925115942
1174,0.3913516296,0.0887289345
1175,0.246081354,0.0859315325
1176,0.3196544698,0.0920078594
1177,0.2549487736,0.0861067476
1178,0.3317267085,0.0875457579
1179,0.281386383,0.0934340467
1180,0.2887817256,0.0854984763
1181,0.1682306878,0.0929938706
1182,0.3110106364,0.0915466689
1183,0.1870912174,0.085953715
1184,0.2821354936,0.0845774515
1185,0.3213861112,0.105573474
1186,0.3269122839,0.0837950773
1187,0.2486913987,0.0910047101
1188,0.1877665691,0.085054165
1189,0.2553550341,0.0896455481
1190,0.344889062,0.0860911858
1191,0.3531190776,0.1051897168
1192,0.3800780253,0.1170370314
1193,0.3351405008,0.0853240244
1194,0.3110926046,0.1002793695
1195,0.1646994711,0.0955425353
1196,0.3729399044,0.0944565302
1197,0.3619263501,0.1001300152
1198,0.2326462637,0.0852675113
1199,0.313969979,0.0845954465
1200,0.2754351992,0.0972567646
1201,0.208849269,0.0864220882
1202,0.2731082759,0.0977504352
1203,0.37659068,0.0906976568
1204,0.3269061103,0.0837855562
1205,0.3496956978,0.0882422132
1206,0.2399141441,0.0848539545
1207,0.4002334101,0.0855464418
1208,0.2135719818,0.0862779137
1209,0.3156502755,0.0869699994
1210,0.2186686673,0.0844576322
1211,0.3200769261,0.0890964248
1212,0.2985096902,0.0994848736
1213,0.2817385238,0.0865093509
1214,0.2582759118,0.085375621
1215,0.315444856,0.0912408039
1216,0.3659901202,0.0871474601
1217,0.1085927911,0.0828508324
1218,0.3061616367,0.0835584609
1219,0.3031798822,0.0866608394
1220,0.3462508795,0.0910097394
1221,0.3178383361,0.0834804841
1222,0.2906352397,0.084982909
1223,0.4461294244,0.0873725561
1224,0.3905603824,0.1055152776
1225,0.3154550671,0.0840294576
1226,0.3537993467,0.0965475281
1227,0.3088283471,0.083705503
1228,0.2585681119,0.0835668277
1229,0.3005605184,0.0916191189
1230,0.3962967437,0.0863417465
1231,0.4589236292,0.0943281193
1232,0.3299595735,0.0935533456
1233,0.3063814529,0.0933779776
1234,0.3869265435,0.097097787
1235,0.2948474643,0.0893252718
1236,0.3317652884,0.0844864791
1237,0.2443336473,0.0983539771
1238,0.3004786558,0.0837839871
1239,0.2333919576,0.084624999
1240,0.31612703,0.0854017033
1241,0.3596073125,0.0841534389
1242,0.2608962058,0.087525308
1243,0.2504613383,0.0838730003
1244,0.2689355326,0.0957680438
1245,0.2039019063,0.0948521426
1246,0.3139074698,0.0857583428
1247,0.3510926016,0.0889194273
1248,0.2432373142,0.0842270028
1249,0.2435933897,0.084877859
1250,0.3153883782,0.0836139938
1251,0.3121369253,0.0838482111
1252,0.2919086919,0.106611284
1253,0.3627601326,0.0896465842
1254,0.3040352187,0.0871539235
1255,0.3521768793,0.0870011014
1256,0.3132718284,0.0858265797
1257,0.2870325842,0.0845178458
1258,0.3047209645,0.0860452206
1259,0.1988186414,0.087486682
1260,0.4060593647,0.0907619837
1261,0.2661017111,0.0893127818
1262,0.3308187891,0.0855860973
1263,0.2641186356,0.0874174228
1264,0.3003154978,0.0867574071
1265,0.1762504796,0.0915784027
1266,0.2292971998,0.0855109396
1267,0.2586307858,0.0832056173
1268,0.3238401515,0.0850600524
1269,0.2489045843,0.0938051946
1270,0.2327215606,0.090826182
1271,0.2654266861,0.0977511722
1272,0.2957590774,0.0962142973
1273,0.4222016179,0.0964411037
1274,0.2790831447,0.0824941403
1275,0.1993826133,0.0840214842
1276,0.4052505157,0.0907575709
1277,0.2369884495,0.0887613399
1278,0.3003245797,0.0918887134
1279,0.2911158044,0.0908288411
1280,0.3246186161,0.0908066446
1281,0.3092308309,0.0839998717
1282,0.4430470304,0.0965460559
1283,0.4900759528,0.0873610097
1284,0.3849952032,0.0928518797
1285,0.3590784688,0.0938641021
1286,0.2588060359,0.0829156946
1287,0.2914720938,0.0856184117
1288,0.2939344338,0.0978893827
1289,0.2534937545,0.0835873698
1290,0.2721661387,0.0853519365
1291,0.2710529434,0.0921352695
1292,0.1765025441,0.0848943483
1293,0.438357956,0.0878096305
1294,0.3697641493,0.092351534
1295,0.2633628651,0.0827685145
1296,0.3868579104,0.0871479786
1297,0.2145194285,0.1039371071
1298,0.1816414145,0.1026957473
1299,0.2709359037,0.0841918228
1300,0.2235335299,0.0961807778
1301,0.2913010238,0.1089816303
1302,0.3046678943,0.1050477892
1303,0.2082948336,0.0920764974
1304,0.2637030625,0.0884565245
1305,0.2760973572,0.102640817
1306,0.4832554189,0.0924843672
1307,0.3091812638,0.0836257203
1308,0.3849264804,0.0914347443
1309,0.3373091713,0.1044866427
1310,0.2115183458,0.0857089651
1311,0.2593998172,0.08781109
1312,0.4103444022,0.084186339
1313,0.4523172736,0.0852595292
1314,0.3243050237,0.1092535504
1315,0.3885594647,0.0976997318
1316,0.1760156445,0.0835827069
1317,0.2737625616,0.0973725778
1318,0.283776396,0.0853965414
1319,0.4074739891,0.0891776324
1320,0.2114758722,0.097690775
1321,0.1926375315,0.0855811508
1322,0.3992738202,0.0894316894
1323,0.1809309063,0.0853524165
1324,0.1898050917,0.0911736996
1325,0.355365167,0.0972479169
1326,0.4020039588,0.0839881098
1327,0.274838837,0.0881272653
1328,0.3439494737,0.0887623465
1329,0.1708791544,0.0829605117
1330,0.2753447817,0.1099473513
1331,0.2763784182,0.0943060057
1332,0.3609709835,0.097794622
1333,0.2531399774,0.084676896
1334,0.3093969909,0.0841832806
1335,0.40640882,0.0857186124
1336,0.0687580118,0.0845024605
1337,0.4353557408,0.0979319969
1338,0.1350684727,0.0914525137
1339,0.2358029981,0.0888956492
1340,0.330331441,0.0847987533
1341,0.4900573376,0.0850973473
1342,0.3394577431,0.0916327897
1343,0.4204326542,0.1025489934
1344,0.3365282521,0.1006413941
1345,0.2510452783,0.0840133555
1346,0.3670156376,0.0852458782
1347,0.2512450418,0.0896021117
1348,0.3232716923,0.0874796711
1349,0.2526005258,0.0912949068
1350,0.2427709385,0.0958128933
1351,0.2381026994,0.0880295602
1352,0.2920278579,0.0875835819
1353,0.4011273546,0.091278056
1354,0.2896733568,0.0886628694
1355,0.1638785754,0.1001972462
1356,0.3111218097,0.0844123954
1357,0.3845322979,0.0890833385
1358,0.3314543875,0.0842945723
1359,0.4268910497,0.087890001
1360,0.3710406275,0.0862169845
1361,0.1323025637,0.0826412497
1362,0.320506365,0.0980465317
1363,0.3024105874,0.0907722216
1364,0.3351253336,0.096302377
1365,0.2912200067,0.0854798864
1366,0.3035865294,0.1049665479
1367,0.4866369188,0.1056386942
1368,0.2327342799,0.083059136
1369,0.4191389563,0.091392559
1370,0.3910673844,0.0892999847
1371,0.2047801591,0.0948685204
1372,0.4472464816,0.0990384174
1373,0.4111664371,0.1059879014
1374,0.4416914544,0.1098432059
1375,0.2242142923,0.0863273489
1376,0.2460494956,0.0973173653
1377,0.3805514786,0.0953692515
1378,0.3785599984,0.0925353572
1379,0.2654193082,0.0890849054
1380,0.3480422151,0.0943703375
1381,0.3165198715,0.0872018039
1382,0.3377854636,0.1030455409
1383,0.2412979704,0.090146759
1384,0.3667190042,0.1034194029
1385,0.1990873373,0.086188826
1386,0.2704481126,0.0862556697
1387,0.3227185705,0.0849707957
1388,0.3523693386,0.0833251689
1389,0.2544831319,0.0992218995
1390,0.3191730267,0.0847613672
1391,0.2646578693,0.0838135945
1392,0.3736685452,0.0860252288
1393,0.3312252272,0.0888517277
1394,0.1634129418,0.0882839003
1395,0.3966686025,0.098638512
1396,0.3641619853,0.0856771671
1397,0.1555135203,0.0866441245
1398,0.4614056206,0.0853365954
1399,0.1826848155,0.0859764336
1400,0.272508842,0.0890578583
1401,0.3591043879,0.0855475351
1402,0.1724812485,0.0828402107
1403,0.2846609317,0.0847046776
1404,0.2785008129,0.0956553465
1405,0.2858538666,0.0938154578
1406,0.2881309258,0.0880369732
1407,0.3111157012,0.0927908142
1408,0.1051349263,0.0877857981
1409,0.2958645839,0.0967566001
1410,0.3091235069,0.0855260895
1411,0.2247692224,0.1004878231
1412,0.209617506,0.084135378
1413,0.3417205327,0.0865770297
1414,0.1723164105,0.1015391082
1415,0.2848483982,0.0832656716
1416,0.3304890385,0.1016810305
1417,0.2214470788,0.0831488212
1418,0.2362511944,0.1077480028
1419,0.1785974441,0.0841035753
1420,0.3394126301,0.083561064
1421,0.3296921373,0.0939330544
1422,0.4060124812,0.0891957111
1423,0.2816304065,0.0902484655
1424,0.3406720744,0.0907118796
1425,0.345569798,0.0858322798
1426,0.2529192999,0.090380155
1427,0.5089392612,0.0930178691
1428,0.3567838526,0.0948112369
1429,0.3641815341,0.0871733812
1430,0.3509373837,0.0848879413
1431,0.3859867231,0.0949989069
1432,0.4342952432,0.1060936453
1433,0.2109551989,0.0872847059
1434,0.3084768819,0.0870699025
1435,0.2951871371,0.0930884234
1436,0.4363766611,0.0864475932
1437,0.3054004308,0.0914965374
1438,0.2761892574,0.0837225029
1439,0.1752545498,0.0857140129
1440,0.3148186796,0.0880977202
1441,0.2211768033,0.0886455314
1442,0.4648943274,0.0883329647
1443,0.3822151055,0.0906746202
1444,0.2007500635,0.0875480816
1445,0.4731115849,0.0993059862
1446,0.2520582265,0.0837978571
1447,0.3688189758,0.0840977157
1448,0.4610508778,0.090226592
1449,0.3660399638,0.0889343219
1450,0.284676627,0.0898152783
1451,0.4136866659,0.0861280092
1452,0.1522127304,0.0847114503
1453,0.2435041454,0.0925521274
1454,0.2590014759,0.1386137179
1455,0.3041233074,0.0881193671
1456,0.5123064844,0.0937683726
1457,0.3609146447,0.0846576722
1458,0.2416882427,0.0851036915
1459,0.1764278922,0.0833395479
1460,0.4645049975,0.1185866241
1461,0.2640493649,0.0848027391
1462,0.3804764578,0.0896362873
1463,0.3532757879,0.0893867128
1464,0.3466207229,0.1055473086
1465,0.3105269267,0.08568698
1466,0.278349817,0.1008959325
1467,0.3487825427,0.0843245213
1468,0.1929603541,0.0866999462
1469,0.3276982537,0.0901640157
1470,0.3835827061,0.0849058497
1471,0.3309174984,0.0919424748
1472,0.1727832776,0.0825545595
1473,0.2398565384,0.0864257555
1474,0.3270962022,0.0961869954
1475,0.2024400724,0.0923173513
1476,0.2926903242,0.0889475864
1477,0.2754079981,0.0851041515
1478,0.3766621136,0.0932242836
1479,0.3470501141,0.0885518329
1480,0.2182572114,0.1031468039
1481,0.283064007,0.100551969
1482,0.2389293735,0.0843504818
1483,0.2524722214,0.0842972662
1484,0.3466771081,0.0906616562
1485,0.2685637344,0.0891108717
1486,0.3846305347,0.0859847961
1487,0.3749693,0.1000699146
1488,0.3241565475,0.0833506266
1489,0.448541119,0.1049633771
1490,0.3758594056,0.0870564123
1491,0.2560641997,0.0860403347
1492,0.279509684,0.0852686128
1493,0.3060241372,0.0832040272
1494,0.2927917161,0.0941413859
1495,0.2679623076,0.0893707925
1496,0.2927330267,0.0956057354
1497,0.3633638161,0.0877369019
1498,0.1562170827,0.0847681174
1499,0.538053229,0.0915204622
1500,0.2596918095,0.0841565531
1501,0.3801070915,0.0926914387
1502,0.3742961352,0.0840620723
1503,0.3069891564,0.0876843141
1504,0.3752641103,0.0853300103
1505,0.3572581947,0.0849503876
1506,0.2607712763,0.1071318981
1507,0.2987647846,0.0842765793
1508,0.322306921,0.088248968
1509,0.2622073984,0.0860219958
1510,0.3272941335,0.0857709818
1511,0.3239152431,0.1013055557
1512,0.328209286,0.086936862
1513,0.361744183,0.0848617549
1514,0.2250237792,0.0883906471
1515,0.3341682913,0.0840806407
1516,0.2701545217,0.089810906
1517,0.2444082025,0.0864361582
1518,0.3756545721,0.0959998721
1519,0.2359740541,0.0834356266
1520,0.4022588823,0.0920541156
1521,0.3007543407,0.0955872584
1522,0.4648005701,0.0888098031
1523,0.4436302324,0.1132085566
1524,0.4576669399,0.0943896471
1525,0.1584427107,0.0844266588
1526,0.1770022643,0.0878309621
1527,0.2915799024,0.0941810498
1528,0.3068409927,0.0871862712
1529,0.1044785501,0.088743736
1530,0.3479732193,0.0966410526
1531,0.2077343388,0.0831964096
1532,0.3433036841,0.0907414233
1533,0.2696568181,0.0849962231
1534,0.4311347256,0.0878166255
1535,0.2815444814,0.0838719073
1536,0.3172222667,0.1016358769
1537,0.387542352,0.0951386095
1538,0.4371240654,0.0856825179
1539,0.2887207016,0.1076056504
1540,0.3593278266,0.0955772077
1541,0.2740229818,0.0910118615
1542,0.2880025178,0.0873437049
1543,0.3075406055,0.0839317994
1544,0.3029966687,0.0865245103
1545,0.2151351765,0.0832639898
1546,0.1517401207,0.093188547
1547,0.3856084207,0.0826417637
1548,0.3182365671,0.0853157407
1549,0.2977766021,0.0937538737
1550,0.2918765447,0.0859467003
1551,0.3885379751,0.0895868016
1552,0.3759330511,0.0906713058
1553,0.2081896914,0.0833228802
1554,0.2679657766,0.1014541689
1555,0.3383570343,0.0853499802
1556,0.3673155092,0.1011582924
1557,0.330506636,0.0943930361
1558,0.2928426724,0.0932379058
1559,0.2575218655,0.0832787276
1560,0.3242028655,0.0850620333
1561,0.4190895441,0.0929057264
1562,0.4058071739,0.0926694351
1563,0.3847353022,0.0962121647
1564,0.3640267703,0.0914323484
1565,0.4185811442,0.0954994436
1566,0.384405681,0.0880354581
1567,0.3082825588,0.0901567654
1568,0.2330970437,0.0847478585
1569,0.323047264,0.0857983316
1570,0.3167333639,0.0896812426
1571,0.2458751026,0.0857457315
1572,0.1965699953,0.0868736819
1573,0.3617953689,0.1030420508
1574,0.3692196133,0.1109487439
1575,0.255544128,0.0887713771
1576,0.392446018,0.0870147957
1577,0.3229170004,0.0847247841
1578,0.3247651941,0.1057864275
1579,0.1842451484,0.0824804965
1580,0.3791321024,0.0848649485
1581,0.2523995407,0.0906112781
1582,0.296631164,0.0837080716
1583,0.2825878679,0.0923367109
1584,0.4326348833,0.0880800982
1585,0.1482002219,0.0844961682
1586,0.4508176086,0.0893268118
1587,0.142456916,0.0836739741
1588,0.3104288123,0.0872969322
1589,0.361152118,0.084735046
1590,0.2305966067,0.0859688829
1591,0.1628351377,0.0837043805
1592,0.2842146482,0.0835910454
1593,0.2599526615,0.0846210935
1594,0.3597664099,0.0930668549
1595,0.4409618017,0.1142865081
1596,0.3095403302,0.0855310547
1597,0.3404341273,0.0896782665
1598,0.3064790957,0.0832503417
1599,0.1471278152,0.0938296023
1600,0.2080937156,0.0835564164
1601,0.3066709622,0.0841529094
1602,0.3824959316,0.0866169014
1603,0.3771941208,0.1019428913
1604,0.2956113075,0.0958464641
1605,0.2173226996,0.088614318
1606,0.2849316148,0.0872773525
1607,0.2770426399,0.0837162463
1608,0.119240873,0.0823570702
1609,0.3738489009,0.0899674418
1610,0.2436940159,0.1031629575
1611,0.1833852362,0.0933674472
1612,0.3217624079,0.0878502119
1613,0.2670460599,0.0880031705
1614,0.3191588734,0.0865523501
1615,0.192620405,0.0870929379
1616,0.2216965503,0.0885804191
1617,0.3217521601,0.0839019637
1618,0.2262856025,0.0903065372
1619,0.2605825891,0.0990113693
1620,0.185210319,0.0882738098
1621,0.3741933157,0.0894376631
1622,0.2064725444,0.0829286882
1623,0.2110857424,0.0852736285
1624,0.1100380885,0.0931051253
1625,0.3751939813,0.0867408471
1626,0.2872421825,0.1010909997
1627,0.443354716,0.0892405982
1628,0.2062346365,0.0860822163
1629,0.2633683829,0.0845331616
1630,0.3693667045,0.1029154227
1631,0.5078180372,0.0893875434
1632,0.3947652499,0.0887110271
1633,0.2305434283,0.0858782374
1634,0.2843830786,0.0848481781
1635,0.1627910134,0.0848570591
1636,0.2329887694,0.0878975862
1637,0.1553159548,0.0842132591
1638,0.1919170786,0.0841512754
1639,0.4223198429,0.0970667042
1640,0.2881539074,0.0881165418
1641,0.4020478554,0.0894012062
1642,0.3365230468,0.0844021215
1643,0.423486533,0.0997972309
1644,0.3242680661,0.0841100946
1645,0.1908109473,0.0870688333
1646,0.3069911036,0.0862898684
1647,0.2639385663,0.0844722083
1648,0.2822870292,0.0824122929
1649,0.386503274,0.0902225808
1650,0.2824973905,0.0832668325
1651,0.3303917121,0.0903400384
1652,0.2330308839,0.0917659007
1653,0.2939765081,0.0935380004
1654,0.2631741174,0.0874675447
1655,0.4557277549,0.0898308434
1656,0.2575633615,0.0863958528
1657,0.3787101654,0.0915329231
1658,0.3323475611,0.090490067
1659,0.1856921853,0.0880480707
1660,0.3128955927,0.0885802845
1661,0.3633512085,0.0848008296
1662,0.218554315,0.0853496171
1663,0.2860309878,0.0960680005
1664,0.2115175868,0.0839967935
1665,0.2653102515,0.0829134144
1666,0.2878033948,0.0851818171
1667,0.2544313589,0.0845572347
1668,0.3685139079,0.091249374
1669,0.3922584076,0.0946467415
1670,0.3784633824,0.0900395065
1671,0.3431207254,0.1030238544
1672,0.2909359718,0.0848869542
1673,0.3515581093,0.08586914
1674,0.3101739936,0.0883208832
1675,0.3423676614,0.0926444624
1676,0.3024921769,0.0903924767
1677,0.2588249263,0.0938463038
1678,0.3010932912,0.0919244489
1679,0.2195165413,0.0841786292
1680,0.4818314158,0.1049205274
1681,0.4034027807,0.0914000268
1682,0.4007939388,0.1059864806
1683,0.3765389117,0.0980259391
1684,0.081404937,0.0827332343
1685,0.220527309,0.0869119994
1686,0.3025803602,0.088913824
1687,0.3354493079,0.08603961
1688,0.2981883222,0.083739467
1689,0.1929746002,0.0847938026
1690,0.2319741175,0.083857497
1691,0.2131718121,0.0842606537
1692,0.2522113713,0.1044661575
1693,0.3849367146,0.0946582972
1694,0.2892409279,0.0928435263
1695,0.4174670237,0.0897367055
1696,0.3354759658,0.0831403074
1697,0.3474297757,0.0931943527
1698,0.2895080316,0.0830030876
1699,0.4083822855,0.1027976964
1700,0.308203524,0.0849786097
1701,0.1669662462,0.0977045441
1702,0.266854595,0.0854456154
1703,0.4052482815,0.094201503
1704,0.3995785035,0.0997608517
1705,0.3521867521,0.1119975199
1706,0.2360114643,0.0987911093
1707,0.2321285165,0.0844817385
1708,0.3751715321,0.0917303755
1709,0.3489103749,0.086263042
1710,0.3767092741,0.0849936182
1711,0.3325813521,0.0993570222
1712,0.2791744991,0.1078007807
1713,0.2122646144,0.0861032818
1714,0.1788434956,0.0842975875
1715,0.2182044769,0.1026452712
1716,0.2073735359,0.0874743543
1717,0.2223754858,0.0854131301
1718,0.3708161127,0.0912475619
1719,0.2380766361,0.0855574676
1720,0.242962438,0.0937138265
1721,0.3715929737,0.0861996942
1722,0.2619287989,0.0840396442
1723,0.3513727083,0.1112226915
1724,0.2426375072,0.0917451344
1725,0.2596711451,0.0883776195
1726,0.4255114956,0.0972376232
1727,0.3795199897,0.0847283717
1728,0.2514941184,0.0849247307
1729,0.3802861328,0.0916367017
1730,0.4250450463,0.0974056871
1731,0.1801936209,0.0878121079
1732,0.3477587808,0.0866441374
1733,0.1812746596,0.0843481698
1734,0.1424260356,0.0861236655
1735,0.204251422,0.0972062222
1736,0.3463511274,0.0881478419
1737,0.2094490049,0.0845339771
1738,0.4037057257,0.0931283825
1739,0.3992142761,0.1003045246
1740,0.3200775412,0.0876123361
1741,0.4351390273,0.0876584045
1742,0.3713995787,0.0974816918
1743,0.3179971661,0.0880343825
1744,0.320803522,0.0859862893
1745,0.3667233255,0.0923284674
1746,0.4570387872,0.0906880993
1747,0.2440134146,0.0841330266
1748,0.2248621811,0.088421746
1749,0.25810213,0.1078021504
1750,0.2852751508,0.0858299707
1751,0.2570972989,0.0837150591
1752,0.3158034517,0.0901739974
1753,0.2569411638,0.0859413153
1754,0.3716428449,0.089085959
1755,0.3486711843,0.0912778405
1756,0.3679257711,0.0893579233
1757,0.432496336,0.088881546
1758,0.3133143036,0.0867539612
1759,0.1625605159,0.0897533996
1760,0.3220551691,0.0862075285
1761,0.3228516256,0.0890632833
1762,0.4477873546,0.0880240003
1763,0.2937871807,0.0842640004
1764,0.3632805982,0.0929508143
1765,0.3737662456,0.0910546938
1766,0.309272177,0.0827481845
1767,0.237685346,0.0832374556
1768,0.1852348367,0.0947896491
1769,0.3249455346,0.0959405391
1770,0.4380915165,0.1051785827
1771,0.3544027353,0.0875123186
1772,0.1892437035,0.0932760228
1773,0.288703382,0.1000792013
1774,0.3611392056,0.0930850086
1775,0.2467783189,0.090590725
1776,0.3808709885,0.1025462682
1777,0.2353265922,0.0866877206
1778,0.2777008237,0.084893569
1779,0.3630321493,0.0948144603
1780,0.3029391441,0.0916235675
1781,0.3937383014,0.0976353792
1782,0.1524034187,0.0873646298
1783,0.3102982823,0.0880079848
1784,0.3993958351,0.0870074751
1785,0.3374936241,0.0849207452
1786,0.326312986,0.0913616203
1787,0.4394096414,0.0896519285
1788,0.279888003,0.0838603364
1789,0.2201069266,0.0830551883
1790,0.2710980937,0.0855353987
1791,0.3695920267,0.0870511461
1792,0.3747179659,0.0942558655
1793,0.2710034754,0.0839671189
1794,0.442738393,0.0954295968
1795,0.2640769501,0.1010516729
1796,0.2885549032,0.0843163013
1797,0.3317384701,0.0984129247
1798,0.3759300241,0.0893114407
1799,0.2932343542,0.1002296336
1800,0.3282029516,0.0873514349
1801,0.3195023603,0.0994403488
1802,0.4348469799,0.0858593126
1803,0.3013901029,0.0843475924
1804,0.1584580419,0.1017746736
1805,0.306039781,0.0862940597
1806,0.3787526327,0.0847896641
1807,0.3022572139,0.1026323989
1808,0.1564727861,0.0830256655
1809,0.2996426279,0.0903996573
1810,0.3123711508,0.0828440172
1811,0.2245706649,0.099509255
1812,0.3794054805,0.0881594384
1813,0.2179047986,0.1020086412
1814,0.3660804921,0.0841897317
1815,0.3000213046,0.0962086302
1816,0.2547158675,0.0878463149
1817,0.4139543646,0.0942273825
1818,0.2118236881,0.088242169
1819,0.2740347024,0.0886056783
1820,0.1989352795,0.0855207679
1821,0.4911545491,0.1052170944
1822,0.282870632,0.0918641244
1823,0.3481540122,0.0914089166
1824,0.2700651511,0.0840323383
1825,0.2342491245,0.0861519945
1826,0.297362838,0.0860410226
1827,0.3212515599,0.0901180393
1828,0.104917032,0.0858218583
1829,0.3742271147,0.0950973667
1830,0.3830987469,0.0989775574
1831,0.3129689749,0.0872015576
1832,0.1666491963,0.1039644644
1833,0.3361224461,0.0857753718
1834,0.216364829,0.0870354342
1835,0.3278521294,0.1095234129
1836,0.2440216874,0.0986963214
1837,0.2225706005,0.1001248787
1838,0.2727288638,0.0846101256
1839,0.2958660986,0.0967168171
1840,0.3232843701,0.086517976
1841,0.2058745676,0.0833741051
1842,0.1850486066,0.0892884849
1843,0.3268356653,0.0834285687
1844,0.2585756195,0.0837378568
1845,0.3141267296,0.0945843842
1846,0.3857734736,0.0934575059
1847,0.1645877024,0.0832082144
1848,0.3142220138,0.0843560306
1849,0.2724915368,0.0838026237
1850,0.2896795654,0.083845527
1851,0.2756365889,0.0872554551
1852,0.3557460244,0.0879932913
1853,0.2574329632,0.0827129628
1854,0.1295868981,0.0941449881
1855,0.220785095,0.0944949408
1856,0.338096339,0.0824290819
1857,0.2759598171,0.0893291131
1858,0.2389515481,0.0892876296
1859,0.2919850598,0.0920006121
1860,0.3346047183,0.1026678479
1861,0.2973121895,0.0963139684
1862,0.2907513096,0.0847354301
1863,0.3468144286,0.0964557217
1864,0.2302070996,0.0827806635
1865,0.2887807022,0.0902566667
1866,0.3448999545,0.0851759337
1867,0.2646051552,0.0827340335
1868,0.2240328256,0.0894403536
1869,0.264818187,0.0871738162
1870,0.3100472301,0.0864189223
1871,0.2701617696,0.0964592525
1872,0.2529513325,0.0942235301
1873,0.2523007205,0.0970555172
1874,0.4226720833,0.0918405377
1875,0.4091871205,0.0963931981
1876,0.386210186,0.0992318528
1877,0.3233968789,0.093886987
1878,0.2771345591,0.0860172813
1879,0.3251539955,0.0912953793
1880,0.1977282893,0.1032551171
1881,0.2609654035,0.0993071541
1882,0.4565432962,0.0925888508
1883,0.3486482572,0.0992776138
1884,0.3510488576,0.0938787618
1885,0.264501877,0.0865510651
1886,0.2565397043,0.0874251297
1887,0.3855627158,0.089912398
1888,0.2768225052,0.087388965
1889,0.2555396055,0.0845800837
1890,0.3858207281,0.0866618783
1891,0.3847744713,0.0851584629
1892,0.3020068303,0.104455452
1893,0.2672253646,0.0976478339
1894,0.3003455262,0.0882355137
1895,0.2320417803,0.0860385783
1896,0.2650097916,0.0904421222
1897,0.1664283286,0.0893254631
1898,0.1571095552,0.0874763528
1899,0.3067624929,0.088060461
1900,0.3744470279,0.1108023867
1901,0.2373429034,0.0840337189
1902,0.3207494375,0.0851674213
1903,0.249818685,0.0891624584
1904,0.2137187507,0.0835707722
1905,0.1498759611,0.0846744542
1906,0.2657216559,0.0857939186
1907,0.3204827811,0.0838022613
1908,0.3149902846,0.0899919134
1909,0.2621043669,0.0988575113
1910,0.387175795,0.1086284314
1911,0.4139222263,0.0923983698
1912,0.2594203183,0.0843921389
1913,0.3124885655,0.0842384661
1914,0.2970414567,0.100704902
1915,0.280934895,0.0878893462
1916,0.3897827587,0.0966348715
1917,0.1953984557,0.0876530766
1918,0.2902184175,0.1069619584
1919,0.2291779548,0.1020118251
1920,0.1902233291,0.0856770776
1921,0.2903366555,0.0855262914
1922,0.2643600892,0.1009210899
1923,0.4023652085,0.1068555042
1924,0.2570280313,0.0890249206
1925,0.4036408575,0.0985731722
1926,0.4252416419,0.0972367853
1927,0.3372028774,0.0889744244
1928,0.4051859305,0.0836900905
1929,0.3585136578,0.084948064
1930,0.3662940644,0.0889416429
1931,0.1365626331,0.0820703344
1932,0.3508737709,0.0918368994
1933,0.2794921909,0.090389543
1934,0.3604855665,0.0865132273
1935,0.30295445,0.0866123275
1936,0.4549615661,0.1051287882
1937,0.4662165186,0.0926889124
1938,0.2774147836,0.08465731
1939,0.2932787218,0.0854241272
1940,0.5176746801,0.0944192178
1941,0.441311354,0.1024433806
1942,0.1966923079,0.0839260462
1943,0.3230392657,0.0832445434
1944,0.2108436583,0.0836653075
1945,0.2759546713,0.0886610917
1946,0.3180797658,0.0931800608
1947,0.3507903152,0.0857643163
1948,0.32201453,0.086122132
1949,0.260597809,0.0846871697
1950,0.3187641438,0.1039047896
1951,0.3215743673,0.0956006224
1952,0.4071925511,0.1016544934
1953,0.3754962098,0.1019486311
1954,0.2680843437,0.0829819999
1955,0.3972035136,0.0868709231
1956,0.3860810815,0.0912211289
1957,0.2929224029,0.0856592609
1958,0.2996401121,0.0839668606
1959,0.3453574085,0.0832479351
1960,0.3063076099,0.0858476135
1961,0.2455620123,0.0930085634
1962,0.3841186627,0.1008555611
1963,0.314273487,0.0938058185
1964,0.4241185559,0.090934272
1965,0.2268638109,0.0861515075
1966,0.3065482361,0.0955527015
1967,0.2405391407,0.0876944569
1968,0.3454076094,0.0998191064
1969,0.3778177316,0.0851501686
1970,0.2937826743,0.0907452181
1971,0.3536105485,0.0978620746
1972,0.3799879709,0.095377312
1973,0.3673689319,0.0847236914
1974,0.396447314,0.093230101
1975,0.2274140961,0.0866375973
1976,0.1932699158,0.089555766
1977,0.3190146005,0.0858765016
1978,0.3379526365,0.102420461
1979,0.2760778404,0.0917190107
1980,0.2479291551,0.092432728
1981,0.4596336912,0.0877044038
1982,0.3984245185,0.099917277
1983,0.215436861,0.0873833931
1984,0.5197709887,0.0939440659
1985,0.3109000065,0.0823918272
1986,0.3423797307,0.0868949939
1987,0.3307228883,0.0866214515
1988,0.3170166486,0.0922821149
1989,0.2677164245,0.0861824944
1990,0.4657488556,0.0994302121
1991,0.2789487421,0.0880168518
1992,0.3459217836,0.0846544843
1993,0.2327501574,0.0901188308
1994,0.2786441281,0.0950722731
1995,0.3248801722,0.094707882
1996,0.1677011714,0.0858512996
1997,0.2916247969,0.0862757492
1998,0.4186344589,0.0904616239
1999,0.3173880178,0.0857716892
