p1,p2,p3,p4,p5,p6,p7,p8,p9,df,df_no_opt
0.1111111111,0.1111111111,0.1111111111,0.1111111111,0.1111111111,0.1111111111,0.1111111111,0.1111111111,0.1111111111,0.02445441807052643,0.0237498
0.1773782917,0.1028277135,0.1028277135,0.1028277135,0.1028277135,0.1028277135,0.1028277135,0.1028277135,0.1028277135,0.024373133006621504,0.0237498
0.1028277135,0.1773782917,0.1028277135,0.1028277135,0.1028277135,0.1028277135,0.1028277135,0.1028277135,0.1028277135,0.024444274229054784,0.0237498
0.1028277135,0.1028277135,0.1773782917,0.1028277135,0.1028277135,0.1028277135,0.1028277135,0.1028277135,0.1028277135,0.0247485329670189,0.0237498
0.1028277135,0.1028277135,0.1028277135,0.1773782917,0.1028277135,0.1028277135,0.1028277135,0.1028277135,0.1028277135,0.02609817346207237,0.0237498
0.1028277135,0.1028277135,0.1028277135,0.1028277135,0.1773782917,0.1028277135,0.1028277135,0.1028277135,0.1028277135,0.02445017255811208,0.0237498
0.1028277135,0.1028277135,0.1028277135,0.1028277135,0.1028277135,0.1773782917,0.1028277135,0.1028277135,0.1028277135,0.024566013335668595,0.0237498
0.1028277135,0.1028277135,0.1028277135,0.1028277135,0.1028277135,0.1028277135,0.1773782917,0.1028277135,0.1028277135,0.024482432000220888,0.0237498
0.1028277135,0.1028277135,0.1028277135,0.1028277135,0.1028277135,0.1028277135,0.1028277135,0.1773782917,0.1028277135,0.024461221319928835,0.0237498
0.1028277135,0.1028277135,0.1028277135,0.1028277135,0.1028277135,0.1028277135,0.1028277135,0.1028277135,0.1773782917,0.024432141673687666,0.0237498
0.1214057364,0.1214057364,0.1214057364,0.0287541091,0.1214057364,0.1214057364,0.1214057364,0.1214057364,0.1214057364,0.025342617252751647,0.0237498
0.1185270162,0.1185270162,0.1185270162,0.0517838702,0.1185270162,0.1185270162,0.1185270162,0.1185270162,0.1185270162,0.024225649323850632,0.0237498
0.1249737441,0.1249737441,0.0320270295,0.0931567617,0.1249737441,0.1249737441,0.1249737441,0.1249737441,0.1249737441,0.02549983606488401,0.0237498
0.1074363883,0.1074363883,0.1471302715,0.1008150103,0.1074363883,0.1074363883,0.1074363883,0.1074363883,0.1074363883,0.024433414116392455,0.0237498
0.1260358969,0.1260358969,0.1180900282,0.0926930136,0.1260358969,0.0330015767,0.1260358969,0.1260358969,0.1260358969,0.02458429707320815,0.0237498
0.1076536834,0.1076536834,0.1060010336,0.1007205479,0.1076536834,0.147356318,0.1076536834,0.1076536834,0.1076536834,0.02436167808607712,0.0237498
0.1271501059,0.1271501059,0.118822752,0.0922065275,0.1271501059,0.1191963668,0.034023824,0.1271501059,0.1271501059,0.024453374863947618,0.0237498
0.1327016831,0.1327016831,0.1224731693,0.089782132,0.1327016831,0.122932269,0.09488926,0.0391164374,0.1327016831,0.02424246495878132,0.0237498
0.12755226,0.12755226,0.1160567113,0.0793186748,0.12755226,0.1165732375,0.0850581463,0.0927841899,0.12755226,0.024055634086119444,0.0237498
0.1291267523,0.1291267523,0.1165306601,0.0762740184,0.1291267523,0.1170960793,0.0825631867,0.0910290466,0.1291267523,0.02406098325516118,0.0237498
0.1131596755,0.1131596755,0.1083561022,0.0930034699,0.1131596755,0.1085721455,0.1682199787,0.0692096016,0.1131596755,0.024253007208458913,0.0237498
0.1392804637,0.1392804637,0.1252274012,0.0803115207,0.0488417177,0.125857534,0.1172258176,0.0846946176,0.1392804637,0.02470344220197093,0.0237498
0.1105788954,0.1105788954,0.1075907261,0.0980404114,0.1500460145,0.107724704,0.1058896687,0.0989717889,0.1105788954,0.02425041522285971,0.0237498
0.1409794182,0.0505725051,0.1262710296,0.0792622189,0.1332579274,0.126931245,0.1178966692,0.0838495686,0.1409794182,0.02454546690331768,0.0237498
0.1109429583,0.1504061998,0.1078145774,0.0978150301,0.109300235,0.1079540887,0.1060332665,0.0987906858,0.1109429583,0.02423196367328913,0.0237498
0.1370211193,0.1293412001,0.0740255069,0.0807051826,0.1289804476,0.122391919,0.1129840409,0.0775294643,0.1370211193,0.024154814170861787,0.0237498
0.1492037132,0.1398056733,0.1111744779,0.0737768078,0.1393640257,0.1313028154,0.1197907194,0.0764052049,0.0591765624,0.024037017896341717,0.0237498
0.154288663,0.1438602364,0.112089149,0.070591773,0.143369863,0.134424428,0.121650062,0.0735084451,0.0462173805,0.024088274035060434,0.0237498
0.0695706408,0.1479035806,0.1130019396,0.0674150397,0.1473655239,0.1375382374,0.1235049889,0.0706191218,0.1230809273,0.024320734598193474,0.0237498
0.1296295777,0.1517186024,0.1113846781,0.0624157148,0.151065707,0.0919470236,0.1221484093,0.0580546086,0.1216356784,0.024301035667510615,0.0237498
0.1819177517,0.1128168752,0.1040642938,0.0941564746,0.1126697112,0.0905767092,0.1061337881,0.0916464998,0.1060178964,0.024180630119616398,0.0237498
0.1330052702,0.0996817775,0.1039768965,0.1068015053,0.0997702502,0.136808667,0.1037142721,0.1124563108,0.1037850503,0.024502110158444192,0.0237498
0.1303261963,0.1409716056,0.1098551651,0.0715826439,0.1404720902,0.1012123665,0.1183414671,0.0692900595,0.1179484058,0.024080713338350407,0.0237498
0.1539487314,0.1457789873,0.1074345604,0.0703853869,0.1450810695,0.1180311551,0.0446902542,0.1010469327,0.1136029224,0.024297038618030203,0.0237498
0.121568621,0.1198843133,0.1081660445,0.0883408049,0.119740542,0.1105218915,0.1427530452,0.0757730117,0.1132517258,0.024103912112103207,0.0237498
0.1578931428,0.149555452,0.1083372269,0.0638603263,0.1013601978,0.1192452584,0.1171369605,0.0658946791,0.1167167562,0.023991995167604547,0.0237498
0.1630590073,0.1538105619,0.1084181826,0.0601286048,0.0960445509,0.1205030842,0.1183648465,0.0622832764,0.1173878853,0.024037847401446603,0.0237498
0.1413923627,0.1315661035,0.0916866111,0.0670701829,0.1122275623,0.1041527347,0.1315494399,0.1274896618,0.0928653412,0.02388734297970309,0.0237498
0.1422760145,0.1314508357,0.0885570756,0.0647615952,0.1101465638,0.1022431137,0.1352760395,0.1364725569,0.0888162051,0.02388731812730679,0.0237498
0.1692730452,0.1104465196,0.10080255,0.0516318167,0.1343444345,0.1168103484,0.1281175005,0.0806313729,0.1079424121,0.02414749165049078,0.0237498
0.1718220198,0.1387795235,0.0873922044,0.09473325,0.1287089594,0.1065776115,0.1182358498,0.054928681,0.0988219007,0.02428813859538941,0.0237498
0.1305281012,0.1230877965,0.1115160386,0.0614555516,0.1208201082,0.1158365427,0.1184611222,0.1042048419,0.1140898971,0.023994503777531217,0.0237498
0.1010643656,0.1468503001,0.1022509277,0.0479320757,0.1362701216,0.1385584913,0.1327554611,0.0821554748,0.1121627822,0.02436666952176176,0.0237498
0.1642667994,0.1202463642,0.1036686127,0.0840659664,0.1178221085,0.101051073,0.1119451803,0.0895746521,0.1073592434,0.024010892475264823,0.0237498
0.1501059453,0.1290306185,0.1378737609,0.0614432236,0.1181437434,0.1033044669,0.1260405487,0.0984323859,0.0756253067,0.024250697042022942,0.0237498
0.1398474284,0.1292742496,0.087816856,0.0765446397,0.1266393535,0.1182688823,0.1158046825,0.0820445995,0.1237593085,0.023986078631384834,0.0237498
0.1104865186,0.152836397,0.1092618974,0.096555191,0.1105011957,0.1088014031,0.1080088393,0.0962102789,0.1073382789,0.02421139372325177,0.0237498
0.1571511697,0.1191874285,0.1025471981,0.0608949038,0.1294281897,0.1151591273,0.1239709243,0.0838436042,0.1078174544,0.02398386178200169,0.0237498
0.1665772525,0.14231849,0.1005922759,0.0533869521,0.1275629209,0.1161905102,0.0900821688,0.1023284877,0.1009609419,0.024117200258741395,0.0237498
0.1312281513,0.1246987338,0.1065405189,0.0808394448,0.1214190722,0.1117386783,0.1314492724,0.0814720869,0.1106140416,0.023997157821018782,0.0237498
0.1581607824,0.118088092,0.0982189876,0.071852554,0.1030845812,0.1276069949,0.116900013,0.1113217503,0.0947662446,0.02390621655500007,0.0237498
0.1695647728,0.1292146189,0.0868671739,0.0618258186,0.1095041043,0.1149266435,0.159960706,0.0923917768,0.0757443852,0.023935264422296904,0.0237498
0.1508850686,0.1148298718,0.087680538,0.0654451265,0.0922492434,0.0970073972,0.1312899308,0.1119348506,0.1486779731,0.023859887370544137,0.0237498
0.1510678213,0.1121171436,0.0851292563,0.0645404409,0.0871327813,0.0932830435,0.1325384772,0.1157929836,0.1583980523,0.023868287926161372,0.0237498
0.1331872038,0.1327737985,0.0914932191,0.0512616334,0.1076804534,0.1257181687,0.1432413644,0.1039875449,0.1106566138,0.02395639634696768,0.0237498
0.1661593386,0.1302153578,0.0852634346,0.0477517351,0.1010323605,0.11835581,0.1267038114,0.1170560351,0.1074621169,0.023963666594400728,0.0237498
0.1737717903,0.1331632706,0.075336556,0.0638510912,0.0977612188,0.114879215,0.1408834781,0.0975471342,0.1028062459,0.023967864771013432,0.0237498
0.1512296807,0.1040934661,0.0708250889,0.0615485181,0.1155517839,0.1106187703,0.1475854963,0.1414377547,0.0971094411,0.02391648752119872,0.0237498
0.1711165541,0.1182196446,0.0869554909,0.0460549342,0.088744859,0.1099041497,0.1557552796,0.1387107102,0.0845383776,0.023964734741780267,0.0237498
0.1574886057,0.1278471146,0.0689055561,0.057861404,0.0764724923,0.1117099945,0.1552355117,0.1498298604,0.0946494607,0.023988844444246517,0.0237498
0.1572229305,0.1210304414,0.0953867639,0.0602492453,0.1181572278,0.1144248187,0.1306253853,0.0978884336,0.1050147537,0.023900480921041543,0.0237498
0.1364792413,0.1107863271,0.100909259,0.053900974,0.1127204954,0.1118147341,0.1360922259,0.137256906,0.1000398371,0.023957352527807337,0.0237498
0.1312577642,0.1246512411,0.0920147243,0.0742652965,0.1276517113,0.1174418796,0.1160514178,0.0940043653,0.1226616,0.02394448354315678,0.0237498
0.1293453287,0.1112670009,0.0950955788,0.0778346247,0.1204090102,0.1086136805,0.1436367915,0.1115436504,0.1022543343,0.02396049029425047,0.0237498
0.1349720647,0.1141633999,0.0935927383,0.0732361897,0.1174469459,0.1101029755,0.1410487804,0.1123860099,0.1030508957,0.023910419597348357,0.0237498
0.1583918853,0.1311645172,0.0781437508,0.0756633439,0.1098054826,0.1147370786,0.1353541603,0.0865367606,0.1102030206,0.02403338275320846,0.0237498
0.1412059758,0.1151823416,0.0959982349,0.0585955062,0.1120923569,0.1124447236,0.1359331248,0.1263153216,0.1022324146,0.023875861456818,0.0237498
0.1638679369,0.1054404346,0.0882461634,0.0803267595,0.1158164975,0.0978223148,0.1265114082,0.124165085,0.0978034001,0.02402958094588328,0.0237498
0.1396391969,0.1270254507,0.0908105495,0.0573740415,0.1093911164,0.1198516458,0.1397234259,0.108230727,0.1079538464,0.023874837110255353,0.0237498
0.1667408815,0.1144178533,0.0875708131,0.0539382658,0.0925666519,0.1069685801,0.1580535725,0.1362699322,0.0834734496,0.023880019121891242,0.0237498
0.1306524989,0.1074690109,0.0924791229,0.0640438652,0.1063137863,0.1078461577,0.116931659,0.1458080256,0.1284558734,0.02385039287763515,0.0237498
0.1267585983,0.1052932475,0.0930409087,0.0642657835,0.1059946306,0.1071375319,0.1126258127,0.1511531066,0.1337303801,0.02386168567741712,0.0237498
0.1423595419,0.1323424652,0.1138186116,0.0650061315,0.0979693583,0.1111733633,0.1201408795,0.1003130803,0.1168765684,0.02394867756576118,0.0237498
0.1493664743,0.1100263923,0.0798546755,0.0622747365,0.111859164,0.1107351111,0.1418215347,0.1328008339,0.1012610777,0.023858698940112926,0.0237498
0.1614017466,0.1211144371,0.0879121702,0.0512433958,0.0952845502,0.1117986117,0.1272033769,0.1337128741,0.1103288376,0.023874290927345145,0.0237498
0.1396150469,0.1179809361,0.0811120025,0.0479709443,0.1074825807,0.0912641912,0.1529559802,0.1397606637,0.1218576543,0.023951309273317022,0.0237498
0.1541692712,0.118065099,0.0945380035,0.0667132741,0.1040305052,0.1197862474,0.1246594319,0.1174419705,0.1005961973,0.02385853098664297,0.0237498
0.1399106594,0.1144747295,0.0837267186,0.0607240213,0.0897388791,0.1053449978,0.1382156845,0.1570056428,0.110858667,0.02383050942818569,0.0237498
0.1380431218,0.1137677539,0.0824688747,0.0607752197,0.0866730788,0.1043654387,0.139034254,0.1633833281,0.1114889303,0.023838745342766615,0.0237498
0.1542557102,0.0997181473,0.089323281,0.055180001,0.0925380619,0.118320446,0.1343152965,0.1236595067,0.1326895494,0.023841279736252604,0.0237498
0.1265579584,0.1139505058,0.0907102083,0.0665090891,0.1104989412,0.1159419981,0.1059116663,0.1211433387,0.1487762942,0.02386619934281455,0.0237498
0.1489119758,0.1129755974,0.0814764398,0.0633927902,0.0910605065,0.11121358,0.1220988552,0.1299565234,0.1389137318,0.02384261613180772,0.0237498
0.1524519125,0.0986023773,0.0843485992,0.065885484,0.0895770274,0.1022580738,0.1145970164,0.1519645436,0.1403149658,0.023885718759697933,0.0237498
0.1424378788,0.1208174947,0.0893988894,0.0592331029,0.1050637879,0.1160085245,0.1342355429,0.1177829146,0.1150218642,0.0238366295736614,0.0237498
0.1263687947,0.1036470669,0.087433578,0.0742249917,0.1055423945,0.1108580159,0.1281495501,0.1237744873,0.1400011209,0.023923863846872048,0.0237498
0.1541115518,0.1174790299,0.0878124316,0.0560259786,0.0974197579,0.1116025428,0.1274002468,0.1316443278,0.1165041328,0.023830464399994932,0.0237498
0.1671466607,0.1118019564,0.0840861603,0.0565291385,0.0876259356,0.1058949602,0.1535636912,0.1385447284,0.0948067687,0.02386003333915939,0.0237498
0.1610730685,0.1121237895,0.0850771369,0.0580223899,0.0910487923,0.1073985826,0.1464335437,0.1359404337,0.1028822631,0.02383933943008291,0.0237498
0.1457362106,0.1104066348,0.0864827172,0.0560550003,0.1049898664,0.1262626975,0.132141268,0.1522809734,0.0856446318,0.023846334281156536,0.0237498
0.1463615884,0.1151071475,0.0955181753,0.0576729726,0.0845817446,0.1166417833,0.1198065395,0.1367107593,0.1275992894,0.023864184532663653,0.0237498
0.14871827,0.1111228944,0.0832367361,0.0612811036,0.1059688952,0.1120103031,0.1370686151,0.133645502,0.1069476806,0.023832216749902036,0.0237498
0.1405893103,0.1058515595,0.0788690605,0.0522649873,0.0926980986,0.106228447,0.1391176541,0.1549418033,0.1294390794,0.023798665943758873,0.0237498
0.1391422451,0.1045500965,0.0771997109,0.0507256189,0.091490803,0.1047841493,0.140658056,0.1589371519,0.1325121684,0.02379831627149794,0.0237498
0.1667036074,0.1157646563,0.076753406,0.0513059161,0.0863166587,0.1174618467,0.1534505071,0.1298632238,0.1023801778,0.02387392006496766,0.0237498
0.1379719251,0.1091537707,0.0892864041,0.0614574976,0.1022537581,0.1097984472,0.1243461598,0.1425705028,0.1231615346,0.023824470628188984,0.0237498
0.1490161414,0.1123720853,0.083729039,0.0609309576,0.0871880013,0.0944719578,0.1356227993,0.1210001724,0.155668846,0.023838713282889706,0.0237498
0.1457376209,0.1095663763,0.0894363696,0.0527525842,0.10080384,0.1063782213,0.1490831387,0.1422080685,0.1040337806,0.02386299432366154,0.0237498
0.1482579721,0.1122730694,0.0831160292,0.0612012755,0.0930669723,0.1102174081,0.1276571784,0.132480576,0.131729519,0.023820562070754187,0.0237498
0.1395108396,0.1249935445,0.0803171497,0.0622929192,0.0991018301,0.0980953271,0.134914788,0.1495622563,0.1112113455,0.023866723788292837,0.0237498
0.151017734,0.1052693827,0.0873451866,0.0567420986,0.093979692,0.1138780812,0.1344464975,0.1293488115,0.1279725158,0.023818017638910127,0.0237498
0.1299840356,0.1116991061,0.0848394983,0.0593494432,0.1014432231,0.1099565167,0.120059157,0.1364701461,0.1461988739,0.023811085961047584,0.0237498
0.1381392919,0.1113245109,0.0863811255,0.0561825154,0.1080087092,0.1256744448,0.1276630701,0.1541646683,0.092461664,0.02384694304349885,0.0237498
0.1466486434,0.1121434949,0.0843062284,0.0598973604,0.0917206059,0.101264152,0.1338898449,0.1282197573,0.1419099128,0.02381710627238563,0.0237498
0.1453808089,0.1013467303,0.0798339384,0.0579635939,0.0879340217,0.1017662245,0.1289333885,0.1594522345,0.1373890594,0.02381324099155356,0.0237498
0.1385544748,0.1084887363,0.0850139171,0.0552305436,0.082958341,0.1032996037,0.1243469934,0.1499957916,0.1521115986,0.02380738499386209,0.0237498
0.1469024964,0.1038103486,0.0848292896,0.0545098518,0.0973546058,0.1093829741,0.1200158097,0.1254026522,0.1577919718,0.023813248581556194,0.0237498
0.1313711731,0.0979428352,0.0801673989,0.0588188545,0.0897692157,0.1027420719,0.1291070102,0.1490763956,0.1610050449,0.02380170357769555,0.0237498
0.1458705496,0.1035138546,0.0764662215,0.0527508544,0.0818905706,0.102818123,0.1333203207,0.1397582381,0.1636112675,0.02379523819781926,0.0237498
0.1467643341,0.1028752292,0.07501501,0.0517652327,0.0795854835,0.1020277601,0.1343356616,0.1394405917,0.1681906972,0.02379865441965018,0.0237498
0.1349799606,0.0984976724,0.0812770204,0.0512085484,0.088780557,0.1008179966,0.1311858234,0.1514942913,0.1617581299,0.023792986053864852,0.0237498
0.1335038176,0.0969670251,0.0810726366,0.05009807,0.0883041801,0.0997734819,0.1315776819,0.1536073714,0.1650957354,0.023796429080731766,0.0237498
0.1291883665,0.1040290294,0.075975768,0.0544936559,0.086886239,0.0947209374,0.1239266091,0.1588287824,0.1719506124,0.023788643191850343,0.0237498
0.1268783899,0.1038980542,0.0747727093,0.0542557309,0.0861350123,0.0926940883,0.12281348,0.1619482341,0.176604301,0.023790922865386192,0.0237498
0.1295888283,0.095743416,0.0770748751,0.0503298519,0.0879955494,0.1053134691,0.1223126953,0.1664866343,0.1651546807,0.02378090314321454,0.0237498
0.1277896119,0.0940131232,0.0763117567,0.0493204335,0.0876028523,0.1057401876,0.1210915398,0.1705239146,0.1676065804,0.023781840804482573,0.0237498
0.1252208738,0.1018796334,0.0747227195,0.0545427938,0.0803197789,0.0964962074,0.1362722296,0.1789921,0.1515536636,0.023801266061475097,0.0237498
0.1219934671,0.1044593221,0.0784970448,0.0502969191,0.0879143622,0.1028442558,0.12911405,0.1496665439,0.175214035,0.023782642682802342,0.0237498
0.1355749258,0.0929483205,0.0723953192,0.04723128,0.0721239684,0.0934766215,0.1395183452,0.1746767338,0.1720544855,0.02379495515356726,0.0237498
0.1265461514,0.0923324822,0.0691978445,0.0493068757,0.0874542801,0.0975767831,0.1390011535,0.1674804082,0.1711040213,0.023771261727654133,0.0237498
0.1252263624,0.0905568428,0.0674600074,0.048656029,0.087948632,0.0969484018,0.1406109034,0.1694013426,0.1731914786,0.023772814280664866,0.0237498
0.1325836674,0.1015223474,0.0715690514,0.0436598437,0.080208771,0.0969887894,0.136477573,0.1724508131,0.1645391435,0.02380792180296611,0.0237498
0.1316299112,0.0987055393,0.0783345999,0.0555876141,0.087731604,0.1015155305,0.1306778503,0.1540585169,0.1617588338,0.023785677904224665,0.0237498
0.1401919836,0.0968908527,0.0777751314,0.0480741004,0.0912735334,0.1043318992,0.1280941939,0.1370453277,0.1763229778,0.023803188239509283,0.0237498
0.1283771159,0.1008276103,0.0753663948,0.0531788993,0.0826293378,0.0981485232,0.1345476255,0.1701480309,0.1567764624,0.023784798635500842,0.0237498
0.123808308,0.0933683129,0.0748788629,0.0524523289,0.0780760164,0.0945268073,0.1223109926,0.1596651626,0.2009132084,0.023780726500635445,0.0237498
0.1131100391,0.0924818714,0.0752980476,0.0504190081,0.086736035,0.0948952224,0.127416457,0.182116587,0.1775267324,0.023780776427120346,0.0237498
0.1172044971,0.1028216727,0.0801194138,0.05675288,0.1003814436,0.1045338107,0.1179870652,0.1495483414,0.1706508753,0.023802920716317198,0.0237498
0.1317899621,0.0949828073,0.0739869582,0.0491933141,0.0779467597,0.0957549087,0.1350815081,0.1694990259,0.1717647559,0.02377917450481512,0.0237498
0.1177958652,0.0963754901,0.0697567263,0.0521471959,0.0810258688,0.0959958759,0.1276276239,0.1765687827,0.1827065712,0.023778479919839262,0.0237498
0.1206508591,0.0890817355,0.0734071282,0.0483571679,0.0814344802,0.102270339,0.1356370229,0.1737695289,0.1753917381,0.02376525000245865,0.0237498
0.1197005271,0.0874177065,0.0731211861,0.0476741593,0.080827785,0.1031104972,0.1369403989,0.1754327252,0.1757750148,0.023765906969166414,0.0237498
0.1159757006,0.0923594265,0.0700604709,0.0457859972,0.0793010111,0.0957106102,0.1299864741,0.1825454736,0.1882748359,0.023762919898510662,0.0237498
0.1142801731,0.0916724449,0.0691641061,0.0447242631,0.0783877156,0.0950818644,0.1299114735,0.185631177,0.1911467823,0.023763545449160754,0.0237498
0.1164084286,0.0884150487,0.0717848914,0.0465025689,0.0835466711,0.0984591572,0.1251989027,0.1695780606,0.2001062708,0.023762408932175683,0.0237498
0.1151082182,0.0870665796,0.0713959286,0.0457774542,0.083646583,0.0984924015,0.1241832092,0.1695164972,0.2048131285,0.023763757010289814,0.0237498
0.1214314289,0.081663242,0.0674070369,0.0485124989,0.0775669601,0.09304278,0.1296443731,0.1933583792,0.1873733009,0.023778028021822047,0.0237498
0.1120585291,0.0866940002,0.0664278095,0.0480366647,0.0749406001,0.0876468746,0.1380438066,0.1835759761,0.2025757391,0.0237676226570223,0.0237498
0.1284222919,0.0886006309,0.0661023972,0.0473781876,0.0733958426,0.0964218497,0.1354346821,0.1681651048,0.1960790132,0.02377236858579308,0.0237498
0.1186931716,0.0868413435,0.0648924786,0.0444274838,0.0810960942,0.0971363608,0.142914372,0.1919486767,0.1720500188,0.02376398335982997,0.0237498
0.1078992863,0.0833770229,0.0636353606,0.0464753342,0.0819561733,0.0962681961,0.1323601631,0.1876520146,0.2003764488,0.023750242323501817,0.0237498
0.105291618,0.082110155,0.0625053774,0.0461786761,0.0823938586,0.0963242336,0.1320629332,0.1896333922,0.2034997559,0.023750086707012494,0.0237498
0.1189029386,0.0785847022,0.0661342762,0.0421008342,0.079205314,0.0961065144,0.1408657678,0.1837012759,0.1943983766,0.023771341430321242,0.0237498
0.1145484432,0.0929819574,0.0682443672,0.0442882457,0.083162469,0.0998877814,0.1415099704,0.1640793695,0.1912973963,0.023762546513335408,0.0237498
0.1048997078,0.0867925142,0.069961664,0.0448576151,0.089197123,0.0971214584,0.1367937676,0.1887630317,0.1816131181,0.023783014025529618,0.0237498
0.1233655023,0.0882119003,0.0669319483,0.0468363868,0.0767923602,0.0965726019,0.1357267818,0.1725928674,0.192969651,0.02375879876458075,0.0237498
0.1151625629,0.0988742505,0.0701387776,0.0511359417,0.083014807,0.0975440285,0.130263805,0.1710184904,0.1828473363,0.02377141129667191,0.0237498
0.1181092206,0.0828899777,0.0669840469,0.0440179823,0.0800136736,0.096411523,0.138616196,0.1810099391,0.1919474408,0.02375924680583206,0.0237498
0.1059364848,0.0832112894,0.0666305739,0.0428708209,0.0733279429,0.0958440264,0.1321176502,0.1898872757,0.2101739359,0.023751688922030632,0.0237498
0.1187682398,0.0879445831,0.0694103518,0.0428959764,0.0852843675,0.1075829378,0.1316530308,0.1755147593,0.1809457535,0.023779017960815302,0.0237498
0.1134753648,0.0869579479,0.0670577098,0.0469510326,0.0771251067,0.0918574233,0.1366941085,0.1818738824,0.1980074239,0.023756125489321604,0.0237498
0.1087493111,0.0851404793,0.0611951681,0.0423531536,0.077877956,0.090799899,0.134318601,0.1869366004,0.2126288314,0.023751520384691815,0.0237498
0.1081243513,0.0869481446,0.0687856944,0.0457604524,0.0773794063,0.0943061595,0.1247671153,0.1673663277,0.2265623484,0.023749710942274946,0.0237498
0.1069040725,0.0869604816,0.0692351804,0.0459143448,0.0769500685,0.0939791424,0.1226714963,0.1645280042,0.2328572093,0.023751573251785955,0.0237498
0.1092801707,0.0801928053,0.0632418289,0.0443670336,0.0788169329,0.0954727254,0.1369001013,0.1738417585,0.2178866435,0.023740732449774534,0.0237498
0.1085321512,0.0788335032,0.0624800964,0.0442085438,0.0787628187,0.0954458621,0.1376724678,0.1728692903,0.2211952665,0.023740124622600913,0.0237498
0.1095104356,0.0768477052,0.0639003239,0.0458144277,0.0741942164,0.0905342585,0.1249020781,0.1935779614,0.2207185932,0.02375998392294539,0.0237498
0.1060068786,0.0784678197,0.0585159037,0.0434862002,0.0715285449,0.0899861121,0.1407366051,0.1940944123,0.2171775235,0.02374938622523864,0.0237498
0.1121801364,0.0907141633,0.0652231919,0.0436019247,0.0804250085,0.0979566643,0.1450431772,0.1696663133,0.1951894204,0.023755610078520874,0.0237498
0.1022523482,0.0860703561,0.0617342204,0.0453542656,0.074566967,0.092259824,0.1322992495,0.1802839136,0.2251788556,0.023746991074168673,0.0237498
0.0925396254,0.0803568954,0.0606724349,0.0422537105,0.0772712178,0.0911779676,0.1344182784,0.1902429294,0.2310669406,0.023741602962090127,0.0237498
0.0975058063,0.0800775643,0.0590772389,0.0410583691,0.0769755776,0.0956873974,0.1329359619,0.1829860579,0.2336960267,0.02373327729075725,0.0237498
0.0957349003,0.0793146491,0.0581922917,0.0404049599,0.0769589611,0.0961123715,0.1325191423,0.1831094798,0.2376532444,0.023732997784128254,0.0237498
0.0955751132,0.0742222457,0.0594943335,0.0436884912,0.0731013287,0.089410395,0.122406943,0.1974378806,0.244663269,0.023745518035322113,0.0237498
0.099025171,0.0792604318,0.0562763651,0.0446157796,0.0799993968,0.0898251775,0.1325738996,0.1795632307,0.2388605479,0.023756803409976518,0.0237498
0.1044901296,0.0823846747,0.0644636686,0.0432360423,0.0747242437,0.0945838708,0.1322133886,0.1877262582,0.2161777235,0.0237422499250659,0.0237498
0.0951704505,0.076656429,0.0625196445,0.0453493087,0.0746715916,0.0958010915,0.1298565452,0.1827126677,0.2372622715,0.023743163588792176,0.0237498
0.0964468853,0.0785338197,0.0611878563,0.0412677399,0.0683567478,0.0900562672,0.1316650586,0.1784295539,0.2540560712,0.02373531647454429,0.0237498
0.0914764474,0.0721959554,0.0535813239,0.0408418357,0.071615786,0.0912528345,0.1401416335,0.2024382294,0.2364559542,0.0237349319006218,0.0237498
0.0900382088,0.0789418211,0.0623913695,0.0424189323,0.0773333271,0.0957638905,0.1244494728,0.1784241731,0.2502388048,0.023740482570886373,0.0237498
0.0910943234,0.0698596235,0.0593478381,0.0399295752,0.0749274651,0.0942757095,0.1310940823,0.1916948234,0.2477765595,0.023736148768048675,0.0237498
0.0967321228,0.0807918164,0.0615896692,0.0406533884,0.0768913125,0.098433354,0.1434084307,0.1727502047,0.2287497014,0.02373750409007521,0.0237498
0.0974321881,0.0790938796,0.058351668,0.0380980238,0.0757127594,0.0924483558,0.1383792944,0.1858180855,0.2346657455,0.023746844434950076,0.0237498
0.0956562562,0.0771794506,0.0616251657,0.0437930917,0.0748949621,0.0950809469,0.1316855204,0.1833796093,0.2367049972,0.023734893832236176,0.0237498
0.0860672532,0.0721753172,0.0556859025,0.040246256,0.0757141265,0.0937375085,0.136010646,0.1798248738,0.2605381162,0.023726553055759936,0.0237498
0.0839969807,0.0710277408,0.0546992594,0.0399102066,0.0758252312,0.0936426353,0.136437729,0.1789366658,0.2655235513,0.023727106738298292,0.0237498
0.0967104593,0.0723921083,0.0584042862,0.0407900633,0.0727867404,0.0977597894,0.1341371258,0.1749401168,0.2520793106,0.023724275132041256,0.0237498
0.0971798805,0.0714955576,0.0581489794,0.0406253491,0.0722819805,0.0985003917,0.1341054444,0.1732181314,0.2544442854,0.023724680269487375,0.0237498
0.1007711749,0.0723396269,0.0557505173,0.0402516438,0.0716891612,0.0935532399,0.1464698683,0.1861562856,0.2330184821,0.023732390623125092,0.0237498
0.0806098431,0.0711121828,0.0542768957,0.0376411435,0.0687988591,0.0934836269,0.1350075077,0.1944654066,0.2646045346,0.023723225039664658,0.0237498
0.0775431982,0.0702642186,0.0533759159,0.0369198691,0.0677044962,0.0932677414,0.1347146247,0.1968380105,0.2693719255,0.02372476161319554,0.0237498
0.0888317581,0.0672418199,0.0536608517,0.0404925937,0.0689802454,0.0895700855,0.1277167298,0.1989857902,0.2645201256,0.023733290896081664,0.0237498
0.0938300297,0.0773858915,0.0544243774,0.0413524556,0.0694021481,0.0924794612,0.1390337078,0.1821114599,0.2499804689,0.02373533208732586,0.0237498
0.0934056383,0.0762181119,0.0551882792,0.0411316887,0.070259472,0.0927582517,0.1378019331,0.1835986626,0.2496379625,0.023729393922547876,0.0237498
0.0878609936,0.068227596,0.0513959859,0.0399831954,0.0763685388,0.0972448637,0.1396708207,0.1964379929,0.242810013,0.023733626930152203,0.0237498
0.091953821,0.0736152553,0.0585393526,0.0401896989,0.0743108943,0.0976052482,0.1309466217,0.1705023476,0.2623367602,0.02372422115227933,0.0237498
0.0869589372,0.0678252683,0.0497148568,0.0364692343,0.0708450744,0.0941852175,0.1394456059,0.1874670457,0.26708876,0.02372057245514196,0.0237498
0.0859973774,0.0667903793,0.0483971628,0.0356589785,0.0703969495,0.0940860002,0.1403039625,0.1879193612,0.2704498287,0.023722286154947873,0.0237498
0.0946359315,0.0767954878,0.0596682852,0.0394749432,0.0680104407,0.0912504114,0.1313015123,0.172060086,0.2668029018,0.023730385379303057,0.0237498
0.0950321827,0.0801492145,0.0587621415,0.0386951997,0.0754969172,0.0996802522,0.1446673865,0.1628489568,0.2446677489,0.02373930825517898,0.0237498
0.090089106,0.0698586541,0.0546950421,0.0401281568,0.0703013789,0.0916200233,0.131153274,0.1916592645,0.2604951003,0.02372455498392529,0.0237498
0.0866567279,0.0655490736,0.0532880048,0.0387611845,0.0658007488,0.0918412031,0.1391357285,0.1816008566,0.2773664721,0.02372310849827761,0.0237498
0.0786446224,0.0710963942,0.0552120889,0.0386005897,0.0698321598,0.094040595,0.1236338068,0.1775926894,0.2913470538,0.023727405656140014,0.0237498
0.0812959269,0.0655200792,0.050426165,0.0391786074,0.073827352,0.0968901796,0.1369081471,0.1925975906,0.2633559522,0.02372738580401286,0.0237498
0.0796897224,0.0636003118,0.0537270539,0.0370941651,0.0724443751,0.0963670177,0.1303045682,0.1833368948,0.2834358911,0.02372612472155052,0.0237498
0.0946713692,0.0670182259,0.0533668894,0.0392812344,0.0734629755,0.0956137188,0.1459670161,0.1906368985,0.2399816723,0.02373015627429432,0.0237498
0.0820256049,0.0702360699,0.0548228631,0.0387441727,0.0705981111,0.094372287,0.1283453072,0.1803443161,0.280511268,0.02372109829280194,0.0237498
0.0923031053,0.0737548518,0.0592468454,0.0385982091,0.0686781852,0.0921403835,0.1306791822,0.1726325967,0.2719666407,0.023729855351362152,0.0237498
0.0835795748,0.0672287382,0.0522563657,0.0390582292,0.0727591474,0.0959044012,0.1356163445,0.1884549723,0.2651422267,0.023721095696610753,0.0237498
0.0868435875,0.0659099479,0.0531214668,0.0372784363,0.0662130967,0.0958285883,0.1315722297,0.1875544746,0.275678172,0.023717158332971205,0.0237498
0.0869292252,0.065215964,0.0528373954,0.036949682,0.0651607499,0.0960608535,0.1310804641,0.1884104167,0.2773552492,0.023718196077981236,0.0237498
0.0948554111,0.0750210001,0.054945102,0.0404763521,0.0680703179,0.0930740455,0.1375737834,0.184996874,0.250987114,0.02372810827154949,0.0237498
0.0828825882,0.0660046426,0.0539835383,0.0378062673,0.0715236361,0.0956736409,0.1318346388,0.1836862375,0.2766048104,0.02371998986647882,0.0237498
0.0827132487,0.0678479302,0.0538034623,0.0368728682,0.0704993216,0.0988295245,0.136935959,0.174665732,0.2778319535,0.02371812649036606,0.0237498
0.0731037034,0.064339442,0.0490924349,0.0353898485,0.067507734,0.0928328666,0.1344948504,0.1915415387,0.2916975815,0.023716810509811698,0.0237498
0.070485504,0.0634463803,0.0480597036,0.0347908977,0.0669222021,0.0922863753,0.1345348594,0.1933827579,0.2960913197,0.023718457061190298,0.0237498
0.074015325,0.0612984849,0.0470829593,0.0350239364,0.0646634381,0.0920360474,0.138324086,0.2000674996,0.2874882233,0.023713787375862338,0.0237498
0.0721022254,0.0599849563,0.0458611453,0.0344730589,0.0636345536,0.0914421444,0.1391104053,0.2032206837,0.290170827,0.0237145587006657,0.0237498
0.0835465816,0.0613151487,0.0494871201,0.0368817335,0.0690622574,0.0957360606,0.1351502167,0.1778544883,0.2909663931,0.02371809680425968,0.0237498
0.076890448,0.0659887472,0.0496947458,0.0353823297,0.0727141956,0.0981666526,0.1302249739,0.1898977903,0.281040117,0.023724733194191605,0.0237498
0.0845618999,0.0656434306,0.0525174833,0.0380366402,0.0672833864,0.0931977121,0.1372253158,0.1833801572,0.2781539744,0.02371699666675977,0.0237498
0.0819927706,0.0602820786,0.0476112769,0.0352090505,0.0672442947,0.0954350051,0.1429095268,0.1919113566,0.2774046403,0.02371597814297902,0.0237498
0.080063096,0.0617132622,0.0491277296,0.0340081903,0.0638009477,0.0937846729,0.1372654257,0.1845394455,0.2956972301,0.023711387346188724,0.0237498
0.0796672564,0.061092433,0.0487755135,0.0334397049,0.0627925913,0.0935457865,0.1374512323,0.1840989776,0.2991365043,0.023712049230160875,0.0237498
0.0751214831,0.0597584314,0.0515672257,0.0360811478,0.0641780397,0.0954340049,0.1329120002,0.1848907707,0.3000568965,0.023724248476261922,0.0237498
0.0844725294,0.0661308899,0.0501039623,0.0363877359,0.0694446998,0.0944476326,0.138073042,0.1869258132,0.2740136948,0.02371502390876772,0.0237498
0.0795926296,0.0616298646,0.0464098813,0.0344221414,0.0630443593,0.0936625332,0.1419615133,0.1894168833,0.2898601941,0.02371223970877655,0.0237498
0.0791315889,0.0585580078,0.0450989934,0.034850321,0.0625547227,0.0895067443,0.1379366222,0.2012928165,0.2910701833,0.023720612368389068,0.0237498
0.0819393438,0.0658406625,0.0519226935,0.0364358328,0.0687827141,0.0968152273,0.1371515321,0.1804191785,0.2806928153,0.02371377084299826,0.0237498
0.0779156155,0.0659415662,0.0498299392,0.034723268,0.0638395678,0.092720275,0.1401579545,0.1989594095,0.2759124043,0.023715335596074836,0.0237498
0.0725891912,0.0613690188,0.0454553184,0.0337441148,0.0661371817,0.0919171586,0.1456868368,0.1918967116,0.2912044681,0.023716050450983846,0.0237498
0.072290587,0.0607164168,0.0445402032,0.0320665219,0.064824495,0.0942630024,0.1418719839,0.1978857826,0.2915410072,0.023715264253452776,0.0237498
0.083474765,0.0612004102,0.0469205951,0.0339495213,0.0640024868,0.0949445864,0.1462283472,0.1912075814,0.2780717066,0.023715457838038755,0.0237498
0.0863972853,0.0641149727,0.0508595045,0.0356304786,0.0648917029,0.0965257606,0.1352256811,0.190702008,0.2756526062,0.023715279460459125,0.0237498
0.078024269,0.0660504121,0.0494386054,0.034267148,0.0632660423,0.093268973,0.1362761291,0.1904177646,0.2889906564,0.02371388238078069,0.0237498
0.075306554,0.0662315144,0.0507000263,0.0355984887,0.0663405701,0.0933789394,0.1307020803,0.1909428074,0.2907990195,0.023717105867808386,0.0237498
0.0817531541,0.0622609965,0.0477172928,0.0342971534,0.0644953651,0.0946147639,0.1429550544,0.191151897,0.2807543227,0.023712055448188826,0.0237498
0.0817415517,0.0606525432,0.0473091142,0.0347270436,0.0666507291,0.096034713,0.1374167416,0.1814202789,0.2940472849,0.023713329354799282,0.0237498
0.0721713882,0.0617127223,0.0454783614,0.0336124668,0.0659872727,0.0920986248,0.1428659276,0.1876413868,0.2984318494,0.023715284561460426,0.0237498
0.0834042566,0.0636095363,0.0497272561,0.0352058743,0.0651222323,0.0955942185,0.1368331149,0.1900576676,0.2804458434,0.023712133207047535,0.0237498
0.0888540682,0.065780834,0.0529990543,0.0379025064,0.0661222224,0.0946715896,0.1350513424,0.1786538294,0.2799645533,0.023718371819159412,0.0237498
0.0757729416,0.0617811289,0.0463185872,0.0332934752,0.0650973775,0.0943487865,0.1404375801,0.1938429154,0.2891072076,0.023711493665970865,0.0237498
0.0746833701,0.059384373,0.0465651276,0.0328741825,0.0605349497,0.0944641894,0.1393993054,0.1912178429,0.3008766593,0.023710177278629747,0.0237498
0.0735966109,0.0586354034,0.0461722806,0.0324841187,0.0595457712,0.0944665264,0.1395465994,0.1916940456,0.3038586439,0.02371095152914972,0.0237498
0.0803921151,0.0579575348,0.0465822688,0.0346849957,0.0661111322,0.0959162993,0.1419068706,0.1878982796,0.2885505038,0.023716619324647113,0.0237498
0.0785227639,0.0643466775,0.0488372789,0.0343551222,0.0638650067,0.0938265306,0.1374613648,0.189887066,0.2888981894,0.023711045276546973,0.0237498
0.0856272011,0.0634513157,0.0493811651,0.0337531569,0.0645259383,0.0976518272,0.1396796382,0.1755046546,0.2904251028,0.023717070511426287,0.0237498
0.0764006239,0.061740779,0.047555072,0.0347628748,0.0646352145,0.0931894097,0.1386022897,0.1950217929,0.2880919435,0.023710954153434653,0.0237498
0.0763151349,0.0580408741,0.0436162466,0.0320400501,0.059585525,0.0920131854,0.1411063502,0.1986630837,0.2986195499,0.0237118630718857,0.0237498
0.0752674184,0.0625599451,0.0473209585,0.0331101315,0.060070187,0.0918614529,0.1416898864,0.2016252424,0.2864947777,0.02371386483113762,0.0237498
0.0803669448,0.06105757,0.0473116359,0.0343837172,0.0652535021,0.0951482855,0.1383240601,0.1857106383,0.2924436462,0.02371089707872283,0.0237498
0.0775844787,0.0614621576,0.0484056327,0.0334092723,0.0641401027,0.094544936,0.1363912965,0.1928383826,0.2912237409,0.023711726129626215,0.0237498
0.0724774976,0.0590093997,0.0448152421,0.0322221608,0.0618558872,0.0923905934,0.1413740431,0.1928373303,0.3030178458,0.023709012643291012,0.0237498
0.0712662785,0.0584994147,0.044270702,0.0318913684,0.0614938297,0.0920354984,0.141877799,0.1931452589,0.3055198503,0.023709224949139445,0.0237498
0.072069407,0.0596340431,0.0461769111,0.032668882,0.0618963868,0.0928747691,0.1349189505,0.1921199948,0.3076406557,0.023709252362756686,0.0237498
0.0765510775,0.0642550623,0.0509043642,0.0350882334,0.0673797349,0.0956955635,0.1353330723,0.1830272105,0.2917656814,0.023715577253560955,0.0237498
0.0763644121,0.0593391424,0.0451388745,0.0326768713,0.0612138198,0.0927821313,0.139900067,0.1953969216,0.29718776,0.02370954097736501,0.0237498
0.0749897149,0.0603057734,0.0453103644,0.0335335915,0.0620999832,0.0927303497,0.1409045862,0.1895176627,0.3006079739,0.023710134161192876,0.0237498
0.0766466278,0.0596664731,0.0471963474,0.0337020571,0.0604896264,0.0925786702,0.1369279836,0.1875738147,0.3052183997,0.023710678860250904,0.0237498
0.0716880919,0.0593065169,0.0440134116,0.0329309478,0.0610816552,0.0928859476,0.1399968776,0.1974130658,0.3006834856,0.023711369863683416,0.0237498
0.0729463465,0.059668101,0.0447816978,0.0330927401,0.0614901996,0.0930208807,0.1395863581,0.1954791662,0.2999345101,0.023710023437482627,0.0237498
0.0719165843,0.0556272437,0.0433612952,0.0322967387,0.0604689584,0.0926587534,0.1402948039,0.1934334261,0.3099421964,0.023710090521881395,0.0237498
0.0730069021,0.0568252513,0.0436755974,0.0313149143,0.0587288665,0.0931746189,0.1395420484,0.1879097566,0.3158220446,0.02370913059638528,0.0237498
0.0674662533,0.0566124576,0.0431481682,0.0310440405,0.056723949,0.0907907191,0.1400803851,0.1977169519,0.3164170752,0.02371113190611568,0.0237498
0.0776276482,0.0601137347,0.0464275841,0.0336746331,0.0634423947,0.0942228819,0.138697364,0.1882596747,0.2975340846,0.023709341349667443,0.0237498
0.0713759629,0.058092667,0.0430874438,0.0317133242,0.0621164033,0.0937111059,0.1418660068,0.1960268567,0.3020102294,0.02371085419469143,0.0237498
0.0755297388,0.0593329181,0.0463256625,0.0332806325,0.0608343069,0.0928184333,0.1379743384,0.1893651139,0.3045388556,0.023709224941249614,0.0237498
0.0735217549,0.058363391,0.0436663534,0.0326289277,0.0621361113,0.0914691029,0.1390868564,0.1919827284,0.3071447739,0.023710205884042348,0.0237498
0.0744368858,0.0591677083,0.0459500862,0.0328221336,0.060874599,0.0938293601,0.1393331006,0.1913797972,0.3022063292,0.02370904667968217,0.0237498
0.0731060938,0.0572135186,0.0450584634,0.0318256222,0.0603180283,0.0934342846,0.1372626562,0.1940593163,0.3077220166,0.02370890883809158,0.0237498
0.0729004803,0.0568759413,0.0450309747,0.0316391269,0.0601234768,0.0935112449,0.1368653116,0.1945544766,0.308498967,0.023709331693007683,0.0237498
0.0764329587,0.0622259686,0.0473875882,0.0329438163,0.0619018199,0.093685797,0.1371635292,0.1903174158,0.2979411062,0.02371063604338504,0.0237498
0.0728694994,0.0570196361,0.0442108688,0.032433231,0.0607712911,0.0928756381,0.1396343602,0.1927762247,0.3074092506,0.023708837656699525,0.0237498
0.0753961767,0.0575757081,0.0458421906,0.0319936382,0.0607144008,0.0932918982,0.1378752969,0.1876259535,0.309684737,0.023709926376294276,0.0237498
0.075018346,0.0578985604,0.045678582,0.0321631465,0.0608340827,0.0932498363,0.138139178,0.1888368931,0.308181375,0.023709080675280336,0.0237498
0.0716441644,0.0575895583,0.0456005592,0.0323002149,0.0609096481,0.0936363303,0.1371694429,0.1862583373,0.3148917446,0.02370908922760032,0.0237498
0.0690862362,0.0562682264,0.0441300894,0.0310033792,0.0581288301,0.0920652368,0.1380458645,0.1929813806,0.3182907568,0.023709605343967804,0.0237498
0.0758175892,0.059298812,0.0459406888,0.0331085214,0.0623163648,0.0937655449,0.1385589215,0.1892606474,0.30193291,0.02370862817735677,0.0237498
0.0754713908,0.0566601063,0.0443201962,0.032101138,0.0597543961,0.093609597,0.1426493599,0.1884853397,0.306948476,0.02371089089927552,0.0237498
0.0727861762,0.0590074991,0.0457857792,0.0325492426,0.0614451754,0.0930295859,0.1365473314,0.1913540528,0.3074951575,0.023708458632337833,0.0237498
0.071397419,0.0568974372,0.0440573938,0.0313296726,0.0609568593,0.0937104187,0.1392588095,0.1916880848,0.3107039052,0.023708719800571137,0.0237498
0.0735556196,0.0594024629,0.0467703428,0.0332842436,0.0635264141,0.0934716455,0.13764164,0.1939458208,0.2984018106,0.02370974124117777,0.0237498
0.0731238741,0.0573750781,0.0443358611,0.031735053,0.0597524456,0.0932381261,0.139136952,0.1891976124,0.3121049975,0.023708461043723,0.0237498
0.0752335059,0.0586014212,0.0445879586,0.0321858791,0.0611166581,0.0929272995,0.1404248013,0.1962395476,0.2986829288,0.023709372409076755,0.0237498
0.0724082139,0.0578049398,0.045385137,0.0322759619,0.0609537327,0.0934855278,0.1378619392,0.1883825201,0.3114420276,0.023708498501619536,0.0237498
0.0713104098,0.058274626,0.0444453034,0.0323468027,0.0612181927,0.0933625257,0.1394022058,0.1935846369,0.3060552971,0.023708695641250995,0.0237498
0.071191077,0.0568151179,0.0438403311,0.0315863796,0.0612544875,0.0926828576,0.1382325792,0.1915508242,0.312846346,0.023708120558700745,0.0237498
0.0708324258,0.056555181,0.0436072344,0.031449883,0.0612964303,0.0925565439,0.1381111541,0.1915692288,0.3140219187,0.023708227162961504,0.0237498
0.0728553596,0.0564806113,0.044752724,0.0320417765,0.0601416687,0.0941825699,0.135493544,0.1898091782,0.3142425677,0.023709059643512012,0.0237498
0.0725574462,0.0584744133,0.0448019656,0.0321839775,0.0614931925,0.0927698057,0.1401297965,0.1921971661,0.3053922366,0.02370841279968861,0.0237498
0.0720962897,0.0585670767,0.0444471237,0.0325239247,0.0619538686,0.0929880646,0.1402640451,0.1881214527,0.3090381543,0.023708777849838047,0.0237498
0.0721678845,0.0590983621,0.0453554232,0.0319291061,0.0617516877,0.0935775639,0.1380031664,0.1884104233,0.3097063828,0.023709259271257548,0.0237498
0.0727218137,0.0574575126,0.0444519543,0.0323270751,0.060977816,0.0930234532,0.1392909397,0.1918562433,0.3078931921,0.02370830380342522,0.0237498
0.0730736151,0.0573101414,0.0451118328,0.0318020486,0.0603635188,0.0934675487,0.1371863607,0.1938564164,0.3078285175,0.023708949286109976,0.0237498
0.0723054473,0.0582981552,0.0445894031,0.0323694201,0.0616135372,0.0930900972,0.139605459,0.1893487314,0.3087797495,0.023708307814057052,0.0237498
0.0739828885,0.0592818117,0.045625646,0.0332221905,0.0614938638,0.092610568,0.1382438795,0.1898153788,0.3057237732,0.0237086685502858,0.0237498
0.0746801946,0.0581268116,0.0455048907,0.0323992082,0.0612940343,0.0927887643,0.1378360156,0.1870477347,0.3103223461,0.023708312578772026,0.0237498
0.0721438794,0.0568618808,0.0442913216,0.0313392068,0.0609730527,0.0935841671,0.1389119383,0.1902362983,0.311658255,0.02370883393576093,0.0237498
0.0735945821,0.0587708019,0.0453438718,0.032824561,0.0613838951,0.0928163565,0.1383848412,0.1899041074,0.306976983,0.023708254832008818,0.0237498
0.0698181109,0.056729997,0.0438450981,0.0313916353,0.0599445118,0.0922169399,0.1385579652,0.1909337597,0.316561982,0.023708043724783592,0.0237498
0.0691518392,0.0564447299,0.0436123474,0.0312009596,0.0596810808,0.0920454231,0.1385573922,0.1911196512,0.3181865766,0.023708137296231772,0.0237498
0.0726501173,0.057984062,0.044059855,0.0320276073,0.0610819932,0.0922169847,0.1394069058,0.1923727721,0.3081997025,0.02370827174897479,0.0237498
0.0718331763,0.0585459188,0.0450436002,0.0326303819,0.0625704215,0.0922386431,0.1381975829,0.1922603736,0.3066799016,0.023708680004532058,0.0237498
0.0728498797,0.0576236926,0.0444862011,0.0319251518,0.060350756,0.0930261089,0.1389370162,0.1898478733,0.3109533204,0.023708112316253003,0.0237498
0.0721805643,0.0566058381,0.0433033476,0.0316787645,0.0606413622,0.0924426481,0.1413217994,0.1897752978,0.312050378,0.023708738619828036,0.0237498
0.0726585053,0.0585008774,0.0452620665,0.0323656465,0.0612755682,0.0929061278,0.1375543726,0.1910209955,0.3084558402,0.023708116697706613,0.0237498
0.0724323855,0.0571452793,0.0443919089,0.0320853833,0.0605439731,0.0927340935,0.1371546505,0.1886654247,0.3148469013,0.02370785025148314,0.0237498
0.0724184358,0.0569969544,0.0443461907,0.0320744487,0.0604380624,0.0927299303,0.1368221031,0.1882716057,0.3159022689,0.02370787759385084,0.0237498
0.0698349687,0.0572818011,0.0434528768,0.031803664,0.0605820616,0.0927032754,0.1392963105,0.1941458038,0.310899238,0.023708674402998106,0.0237498
0.0736484034,0.0579468449,0.045067967,0.0322723992,0.0611423735,0.0927707703,0.1381467421,0.1885589179,0.3104455816,0.023708022211946005,0.0237498
0.0724844437,0.0570334353,0.0444655456,0.0318112122,0.0601601908,0.0923328723,0.1372180147,0.1916941768,0.3128001086,0.02370787749087875,0.0237498
0.0720150277,0.0577752307,0.0446056976,0.0317360085,0.060608027,0.0922426973,0.1370608296,0.1891561222,0.3148003593,0.023707845695596915,0.0237498
0.0719362659,0.0578105894,0.0446227982,0.0316701874,0.060566764,0.0921558605,0.1368126134,0.1888551501,0.3155697711,0.023707901587527853,0.0237498
0.0719458603,0.0572011292,0.0451200464,0.0319714525,0.0603983245,0.0930558733,0.1364227294,0.187923321,0.3159612633,0.0237084618357714,0.0237498
0.0725014606,0.0578188107,0.0442836423,0.0320157173,0.0609376984,0.0923939997,0.1387771385,0.1914340313,0.3098375012,0.02370796348212567,0.0237498
0.0707598862,0.0562042108,0.0435998043,0.0309952313,0.0599982107,0.0923631205,0.137535102,0.1907362327,0.3178082014,0.023708064403484583,0.0237498
0.0730760095,0.0580294441,0.0450553827,0.0321040952,0.0598413048,0.092423316,0.1375289351,0.1888956885,0.3130458241,0.0237082223740404,0.0237498
0.0715867695,0.0570700212,0.044095416,0.031695082,0.0609578049,0.0926283596,0.1380844999,0.1909936114,0.3128884354,0.02370790894920149,0.0237498
0.0713609389,0.0560183734,0.0433674303,0.0311726521,0.0597549219,0.0921394547,0.1383280184,0.1894309865,0.3184272238,0.023707846558073148,0.0237498
0.0708427155,0.0565423529,0.043897015,0.0314474677,0.0605481119,0.0918251678,0.1368128849,0.1905109084,0.3175733759,0.023707663004089302,0.0237498
0.0706204646,0.0564225732,0.0438318286,0.0313945536,0.0605699952,0.0916916308,0.1365779493,0.1905851026,0.3183059021,0.0237076730330118,0.0237498
0.0729485697,0.0580356838,0.0448488433,0.0324775591,0.0610234452,0.0923666434,0.1380519632,0.189573282,0.3106740104,0.023707956199962237,0.0237498
0.0745833885,0.0577990735,0.0448258621,0.0323216673,0.0613161568,0.0925456175,0.1369168724,0.1890750861,0.3106162759,0.0237080961262469,0.0237498
0.0708260813,0.0569561061,0.0440525437,0.0315883508,0.060234626,0.0922867649,0.138210546,0.1905406878,0.3153042934,0.023707828864931432,0.0237498
0.0701397822,0.0563679122,0.0433835661,0.0312926162,0.059921236,0.0918880304,0.1373442027,0.1918771609,0.3177854934,0.023707623956072846,0.0237498
0.0697525982,0.0561936244,0.0431976648,0.0311844282,0.0597864596,0.0917899759,0.1372559612,0.1922438143,0.3185954735,0.02370763456135383,0.0237498
0.0707501932,0.056168513,0.0439620934,0.0313853433,0.0598961293,0.0921480193,0.1363928561,0.1891133324,0.3201835201,0.02370775133554947,0.0237498
0.0698178143,0.0555391888,0.0432016752,0.0306827594,0.0595612279,0.0921275428,0.1367511586,0.1908699039,0.3214487292,0.023708073583128236,0.0237498
0.0722856797,0.0575070804,0.0445000869,0.0320975137,0.0607138825,0.0923159465,0.1377761912,0.1898479868,0.3129556324,0.023707758692726927,0.0237498
0.0713310705,0.0565983799,0.0440431692,0.0315523554,0.059568558,0.0917946609,0.1366455431,0.1891931796,0.3192730834,0.023707604381236563,0.0237498
0.071302574,0.0565458227,0.0440373561,0.031536483,0.0594136102,0.0917012738,0.136485054,0.1889925928,0.3199852334,0.023707620440056917,0.0237498
0.0701688631,0.0565373816,0.0435759117,0.0313774221,0.0602375773,0.0919706556,0.1373883046,0.1879259315,0.3208179524,0.023707688039510177,0.0237498
0.0697334592,0.0562944316,0.0434738762,0.0309503769,0.0597873567,0.0914048421,0.1375021741,0.1907985249,0.3200549583,0.023707856614588053,0.0237498
0.071859783,0.0569647176,0.0441971492,0.0318446167,0.0603833817,0.0924518708,0.1372280176,0.18911835,0.3159521135,0.023707698218874775,0.0237498
0.0709097423,0.057628354,0.0446794917,0.0320091918,0.0607134428,0.0920654939,0.136086679,0.1899687227,0.3159388818,0.023707863836162024,0.0237498
0.0712654001,0.0563590724,0.0436451044,0.0313496496,0.0599577868,0.0921237876,0.1378534551,0.1895448534,0.3179008905,0.023707692165306018,0.0237498
0.0700905148,0.0555601301,0.0432300674,0.0313608336,0.0597174133,0.0919359629,0.1375284542,0.1903293564,0.3202472673,0.023707716470827103,0.0237498
0.0711141808,0.0560670813,0.0435992514,0.0314576413,0.0599751386,0.0918138974,0.1362276155,0.1888992945,0.3208458991,0.023707491273281686,0.0237498
0.0711461772,0.0559683505,0.0435489322,0.0314431397,0.0599462763,0.0917620185,0.1360070086,0.1887169819,0.3214611151,0.023707488817799254,0.0237498
0.069401082,0.0551736569,0.0429401029,0.03080288,0.0593250621,0.0916612404,0.1362677219,0.1893398434,0.3250884105,0.02370759584771553,0.0237498
0.0706369002,0.0562916103,0.043250377,0.0313857636,0.0600162115,0.0917209836,0.1376248439,0.190125716,0.318947594,0.023707595184117258,0.0237498
0.0714197275,0.0570641627,0.0439884675,0.0314158762,0.0602618343,0.091885293,0.1365088561,0.1888625313,0.3185932514,0.023707607908692172,0.0237498
0.0695540752,0.0556815376,0.0429758046,0.0308380731,0.0595692213,0.091244853,0.1366508346,0.1900169943,0.3234686064,0.023707511693121186,0.0237498
0.0697659542,0.0561350228,0.043377665,0.0312180989,0.0599075151,0.0913770747,0.1357579168,0.1896965947,0.3227641578,0.023707407606353394,0.0237498
0.0695995312,0.0561101544,0.0433479319,0.0312035118,0.0599019179,0.091293652,0.1355258956,0.1897139337,0.3233034715,0.0237074042516065,0.0237498
0.0707328129,0.0558644549,0.0433967704,0.0311525722,0.0595558389,0.0913812769,0.1358154788,0.1916970292,0.3204037659,0.023707400056518595,0.0237498
0.0707949449,0.0557903387,0.0433770625,0.031127802,0.0594806892,0.0913163784,0.1356420447,0.19211299,0.3203577497,0.023707408638762296,0.0237498
0.070036178,0.0557053784,0.0429629825,0.0310157467,0.059020768,0.09142592,0.136161388,0.18939012,0.3242815184,0.023707390260025194,0.0237498
0.0699463983,0.0556122311,0.0428589789,0.0309676953,0.0588507396,0.0913818469,0.136088866,0.189265548,0.325027696,0.023707407081204942,0.0237498
0.0707188012,0.0557310148,0.0433837665,0.0311087243,0.0594471233,0.0912588545,0.135361423,0.1874559733,0.3255343191,0.023707368509859474,0.0237498
0.0707836808,0.0556597933,0.0433838188,0.0310881908,0.0593940359,0.091188748,0.1351389212,0.1869613538,0.3264014575,0.023707385033618616,0.0237498
0.0692843608,0.0547443276,0.0426464375,0.0309186422,0.0589291946,0.09112503,0.1359499347,0.190172818,0.3262292548,0.02370745705940752,0.0237498
0.0689187351,0.0547973941,0.0422821781,0.0306419718,0.059478446,0.0910675408,0.1356589292,0.1900600737,0.327094731,0.023707531538687335,0.0237498
0.0707369048,0.0561350478,0.0432361444,0.0313539196,0.0597555926,0.0910674835,0.1359000532,0.1900738166,0.3217410374,0.023707284790577623,0.0237498
0.0708850279,0.0562416449,0.0432689359,0.0314150302,0.0598033419,0.0910021007,0.1358590799,0.1901557795,0.321369059,0.02370729199460738,0.0237498
0.0695262016,0.0549853822,0.0429234441,0.0307654227,0.0590087434,0.0908643286,0.1341657888,0.189279005,0.3284816836,0.023707292898929762,0.0237498
0.0713797349,0.056520654,0.044035273,0.0315364761,0.0594401565,0.0914715214,0.1357940283,0.1891685259,0.3206536299,0.023707496006657093,0.0237498
0.0711479076,0.0558213715,0.0435754817,0.0314947247,0.0593207206,0.0913434871,0.134611104,0.1890241419,0.323661061,0.023707477758280634,0.0237498
0.0692725668,0.0548283949,0.0424152709,0.030787715,0.0594233528,0.0910889676,0.1352060532,0.1898398028,0.3271378761,0.023707429367058417,0.0237498
0.0690891967,0.0551264351,0.0426487481,0.0307351281,0.0588018136,0.0906500198,0.1348146202,0.1905400595,0.3275939788,0.02370715493527668,0.0237498
0.0688610264,0.0550330137,0.0425489533,0.0306566512,0.058674801,0.0905269451,0.1346830022,0.1907415915,0.3282740156,0.02370713918080663,0.0237498
0.0685791473,0.0550979372,0.0423941052,0.030497349,0.0592829687,0.0908862827,0.1362254408,0.1906152942,0.3264214749,0.023707569255540892,0.0237498
0.0706044946,0.0556683393,0.0433255156,0.0312837446,0.0593127742,0.0912465792,0.1349524901,0.1893609209,0.3242451414,0.02370732382470098,0.0237498
0.0707351991,0.0563805074,0.0434736667,0.03115411,0.0597600754,0.0911310133,0.1346656316,0.1892864521,0.3234133446,0.023707257222852187,0.0237498
0.0710731371,0.0566423381,0.0439410455,0.0313668833,0.0593404015,0.0911764843,0.1352888976,0.1894967636,0.321674049,0.023707374357667205,0.0237498
0.0710712808,0.0554775115,0.0431389312,0.0309869966,0.0587375269,0.0909462491,0.1349173883,0.1895746744,0.3251494413,0.02370738723569326,0.0237498
0.0700112707,0.0556361176,0.0430313698,0.0310005184,0.0588988375,0.0907588636,0.1344227895,0.1871021038,0.3291381292,0.023707158103264885,0.0237498
0.0707046686,0.0557804811,0.0434814611,0.0311343975,0.0594090708,0.0905694469,0.1336963672,0.1889183091,0.3263057977,0.023707134551223467,0.0237498
0.0707789452,0.0557889024,0.0435391038,0.0311476847,0.0594522192,0.0904739358,0.1334221632,0.188866464,0.3265305817,0.02370713926338495,0.0237498
0.069586601,0.0560765902,0.0433821988,0.0311962769,0.0598430341,0.0909649212,0.1346672798,0.1885865648,0.3256965332,0.02370730245490065,0.0237498
0.0692561731,0.0547851306,0.0424555455,0.0307780959,0.059350579,0.0906874101,0.1341581107,0.1884635756,0.3300653794,0.023707291459440498,0.0237498
0.0692908513,0.0554872632,0.0428086862,0.0309633677,0.0592231066,0.0904814639,0.1338243519,0.1907156793,0.3272052299,0.02370708249555913,0.0237498
0.0691333378,0.0554603735,0.0427452755,0.0309473207,0.0591984494,0.0903955833,0.1336550827,0.191074815,0.3273897622,0.02370708754252591,0.0237498
0.0691079838,0.0555089577,0.0427500253,0.0307167039,0.0593368372,0.0903196402,0.1339762006,0.189125142,0.3291585093,0.023707185118689994,0.0237498
0.0700186635,0.0549767458,0.0425545527,0.0306986138,0.0586964907,0.0904593961,0.1341087344,0.1900154164,0.3284713866,0.023707142760364362,0.0237498
0.0701904395,0.0560655544,0.0429296838,0.0311141944,0.0594597483,0.090468489,0.1345973446,0.1894899864,0.3256845595,0.02370710365412066,0.0237498
0.0706654956,0.0565467517,0.0435019029,0.0311751467,0.0591415825,0.090597429,0.1347018178,0.1905315581,0.3231383156,0.02370714028316946,0.0237498
0.0691701582,0.0552899553,0.0427813221,0.0305599068,0.0585997051,0.090112343,0.1326938613,0.1890243781,0.3317683701,0.02370708750384956,0.0237498
0.0688250539,0.0548029198,0.04239049,0.0306279827,0.0583381787,0.0898234334,0.1334916356,0.1897530744,0.3319472314,0.023706930017323564,0.0237498
0.0686130135,0.0546278006,0.0422702149,0.0305695705,0.0581803257,0.0896779839,0.1333609222,0.1898049626,0.332895206,0.023706922454664037,0.0237498
0.0703410427,0.0554781427,0.0430069049,0.0310323701,0.0585041204,0.090491458,0.1340432386,0.190065841,0.3270368815,0.02370716856447534,0.0237498
0.0701527926,0.0554827893,0.0429677336,0.0309842173,0.0586313361,0.0904648681,0.1340331214,0.1899221371,0.3273610045,0.023707087207277603,0.0237498
0.0694722757,0.0553182826,0.0427130193,0.0307463305,0.0588824564,0.0899909771,0.1335142656,0.1926888429,0.3266735499,0.02370700226254362,0.0237498
0.0693402719,0.056053121,0.0432242539,0.0310579256,0.059126519,0.0901818644,0.1336913596,0.1903966985,0.3269279861,0.02370707759142005,0.0237498
0.0683995042,0.0543724171,0.0422144938,0.0305549866,0.0586776067,0.0899518991,0.1328740554,0.1898504943,0.3331045427,0.023707061098902627,0.0237498
0.0701013369,0.05573936,0.0430930827,0.0310509179,0.0591449779,0.0898950038,0.1324914236,0.189442169,0.3290417282,0.023706875172864197,0.0237498
0.0702390916,0.0558177644,0.0431535392,0.0310946693,0.0591971587,0.0898244428,0.1322483788,0.1892976448,0.3291273104,0.023706863544246837,0.0237498
0.0681578472,0.0550012026,0.0420896359,0.030565073,0.0583651079,0.0896889179,0.1331568373,0.1913460472,0.3316293311,0.023707028781835688,0.0237498
0.0682230392,0.0544835637,0.0424542912,0.0304645537,0.0580741279,0.0896178152,0.1319435552,0.1911848381,0.3335542159,0.02370703888796749,0.0237498
0.0690269572,0.0550754267,0.0425290732,0.0309945665,0.0588124779,0.0898615169,0.1336692448,0.192129848,0.3279008888,0.023707100119416534,0.0237498
0.0691397665,0.0552444878,0.0427278239,0.0306520938,0.058644777,0.0900591264,0.1329006565,0.1896830475,0.3309482206,0.02370698516064369,0.0237498
0.0678230407,0.0548303184,0.0422900715,0.0304983376,0.0587841491,0.0894192662,0.1320846725,0.1911826928,0.333087451,0.023707067954695658,0.0237498
0.0683537745,0.0546779148,0.0423321444,0.0304143838,0.058093845,0.0891645437,0.1319015016,0.190495107,0.3345667852,0.02370682011430956,0.0237498
0.0682494546,0.0545877721,0.0422790443,0.0303532517,0.0579680799,0.0890180992,0.1316873133,0.1904705754,0.3353864095,0.02370680580021155,0.0237498
0.0680657376,0.0537922797,0.0417104343,0.0301658195,0.0579368553,0.0892088013,0.1315953951,0.1908300259,0.3366946514,0.023706945698287907,0.0237498
0.0696367277,0.0547793533,0.0425128128,0.0306497178,0.0580872573,0.0899223615,0.133090451,0.189964544,0.3313567746,0.023707027748091754,0.0237498
0.0693312419,0.0553263372,0.0426536648,0.0306138048,0.0580645429,0.0893842376,0.132348129,0.1913210385,0.3309570033,0.02370684821414807,0.0237498
0.0697589526,0.0554060949,0.0424587788,0.0307381067,0.058666462,0.0896661306,0.1333716158,0.1900161757,0.3299176829,0.023706898710732716,0.0237498
0.0701772104,0.0549761423,0.0429058426,0.0306754468,0.0584409847,0.0895898206,0.1322014887,0.189561783,0.3314712808,0.023707003511627134,0.0237498
0.0688184944,0.0552413702,0.0425696476,0.0305965841,0.0587966632,0.0892819498,0.1320721174,0.1908539243,0.331769249,0.023706886426690683,0.0237498
0.0679766583,0.0551037219,0.0421024504,0.030553291,0.0585226144,0.0895464949,0.1329305527,0.1915429851,0.3317212313,0.023707063637180885,0.0237498
0.0697115678,0.055003223,0.0427358538,0.0306496424,0.0584583495,0.0895799991,0.1323556578,0.1899812635,0.331524443,0.023706886434482786,0.0237498
0.068730513,0.0546893179,0.0422982528,0.0304598712,0.0579836583,0.0890504891,0.1313525771,0.1877989933,0.3376363273,0.023706775871154676,0.0237498
0.0686474917,0.0546188956,0.0422518242,0.0304277479,0.0578830401,0.088945061,0.1311106135,0.1872515305,0.3388637953,0.02370678288705862,0.0237498
0.0689749803,0.0546426043,0.0421900366,0.0305124995,0.0580782049,0.0887618075,0.1316314389,0.1904028606,0.3348055675,0.02370669654767669,0.0237498
0.0689567401,0.0545759115,0.0421303152,0.0304969967,0.0580152819,0.0886180798,0.1314900002,0.1904829054,0.3352337692,0.023706685204422713,0.0237498
0.0702538405,0.0562763647,0.0433053024,0.0310751674,0.0588058231,0.0894815936,0.1329166375,0.1891740746,0.3287111961,0.023706833895104504,0.0237498
0.0700634936,0.0557987254,0.042970175,0.0307807747,0.0586983395,0.0889673785,0.1310490599,0.1900636499,0.3316084036,0.023706764554327582,0.0237498
0.0689869151,0.0551087035,0.042894894,0.030621962,0.058220199,0.0888251383,0.130525705,0.1898634217,0.3349530614,0.023706869829353824,0.0237498
0.0688717957,0.055534763,0.0426537533,0.0307041685,0.0583747813,0.0887419435,0.131129718,0.1898721123,0.3341169645,0.023706734793760738,0.0237498
0.0697793364,0.0553619432,0.0428393589,0.0307814997,0.0579409261,0.0889192966,0.131202785,0.1887768798,0.3343979743,0.02370677714352717,0.0237498
0.0697864167,0.0555514491,0.042500319,0.030791527,0.0584576261,0.0893986537,0.1329063096,0.1895298458,0.331077853,0.02370684014568317,0.0237498
0.0684311891,0.0547817615,0.0420967092,0.0302506677,0.0573147763,0.0883029808,0.1313248577,0.1901480052,0.3373490526,0.023706675681026385,0.0237498
0.0682300874,0.0546665562,0.0419791711,0.0301567764,0.0571054293,0.0881332734,0.1312221131,0.1902429257,0.3382636672,0.023706683141607947,0.0237498
0.069139275,0.0551521494,0.0424728165,0.0306513964,0.0582826829,0.0885009047,0.1309930997,0.1878495476,0.3369581278,0.023706632757739207,0.0237498
0.0691177739,0.0551326514,0.0424525763,0.0306555732,0.0583071633,0.088402499,0.1308407809,0.1874613802,0.3376296019,0.02370663241242859,0.0237498
0.068537291,0.0548352406,0.042616103,0.0304436392,0.05785581,0.0882692485,0.1299836567,0.1891961688,0.3382628423,0.023706767838793438,0.0237498
0.0676919193,0.0537938883,0.0416610152,0.0300211463,0.0572986063,0.0879188042,0.1293255051,0.1895556247,0.3427334905,0.023706684055083926,0.0237498
0.0695693198,0.0553023307,0.0425472472,0.0306678106,0.0579849319,0.0881346368,0.1300213783,0.1880537213,0.3377186233,0.023706595870802417,0.0237498
0.0697162659,0.0553819215,0.042577155,0.0307028199,0.0579867794,0.0880359471,0.1298361869,0.1877847956,0.3379781285,0.02370659894563943,0.0237498
0.0679929853,0.0545149485,0.0419226508,0.0302144287,0.0580216433,0.0880599222,0.1302468808,0.189588899,0.3394376414,0.02370668557681474,0.0237498
0.0688758491,0.0551470784,0.0423791829,0.0304810423,0.057987508,0.0877114291,0.129852719,0.1909590013,0.33660619,0.023706576724874227,0.0237498
0.0688919908,0.055197784,0.0423881671,0.0304833993,0.0579878874,0.0875631165,0.1296870026,0.1913085671,0.3364920851,0.023706583580356006,0.0237498
0.0691446168,0.0550714426,0.0420088383,0.0305055654,0.0581445903,0.0883659979,0.1311901984,0.1899596862,0.3356090641,0.023706734427634896,0.0237498
0.067410842,0.0539439366,0.0414392148,0.0301063759,0.0571770703,0.087532136,0.1301543143,0.1890675475,0.3431685627,0.023706630961398713,0.0237498
0.0682807917,0.0538554284,0.0414867976,0.0300505846,0.0572356194,0.087489845,0.1298571714,0.18908131,0.3426624518,0.023706602641177365,0.0237498
0.0678159044,0.0540494496,0.0420166353,0.0301483587,0.0572642619,0.0876720838,0.1295009497,0.1887986171,0.3427337396,0.02370665517056384,0.0237498
0.0689297969,0.0545029208,0.0421239083,0.0304252115,0.0572183504,0.0878910555,0.1302799569,0.1889934353,0.3396353645,0.0237066626420058,0.0237498
0.0679560916,0.0544253565,0.0419139512,0.0301253053,0.0570455475,0.0871670945,0.1287587521,0.1877604437,0.3448474576,0.023706568018144025,0.0237498
0.0678441671,0.0544084606,0.0418896835,0.030083758,0.0569371199,0.0870046653,0.1284528488,0.1874565697,0.3459227271,0.023706588218278844,0.0237498
0.0692871942,0.0553526434,0.042442354,0.0306271722,0.0577101992,0.0877030143,0.130809718,0.1882945128,0.3377731921,0.023706555342738588,0.0237498
0.0694654044,0.0555268318,0.042529691,0.0306949199,0.0577561909,0.0876788726,0.1309762041,0.1881534254,0.3372184597,0.023706576247488065,0.0237498
0.0687340272,0.0544866109,0.042081112,0.0304799962,0.0577813599,0.0871849217,0.1286879563,0.1872887252,0.3432752905,0.02370658753349622,0.0237498
0.0681909737,0.0547624833,0.0420444921,0.0303172119,0.0580026493,0.0874413517,0.1293830688,0.188068271,0.3417894982,0.02370661398823425,0.0237498
0.0693912326,0.055376366,0.042158185,0.0306323448,0.0581217949,0.087609515,0.1301364354,0.1881009645,0.3384731617,0.023706679185170318,0.0237498
0.0681481906,0.0543293307,0.0420464921,0.0302504977,0.0574451169,0.0876586201,0.1296348727,0.1886510891,0.3418357901,0.02370656718794059,0.0237498
0.0678752713,0.0541156907,0.0416343099,0.0300362377,0.0568903193,0.0867188859,0.1285349288,0.1896964718,0.3444978845,0.02370647474599908,0.0237498
0.0677381074,0.0540034129,0.0415439821,0.0299679053,0.0567339011,0.0865324803,0.1282799362,0.1899435715,0.3452567032,0.023706473870572446,0.0237498
0.0696517102,0.0553148616,0.042668678,0.0305528435,0.0579176737,0.0873617191,0.1287968061,0.1882922725,0.3394434352,0.023706565113935325,0.0237498
0.069194252,0.0546188353,0.042201608,0.0303942044,0.057074112,0.087434687,0.1294389307,0.189339158,0.3403042126,0.0237066220012586,0.0237498
0.0684034031,0.054732078,0.0420777766,0.0303335182,0.0578059957,0.0874396796,0.1293947163,0.1883373903,0.3414754421,0.023706539488000673,0.0237498
0.0691334621,0.0557218069,0.0428918278,0.0307243338,0.0579673681,0.0873748208,0.1288610359,0.1881619639,0.3391633806,0.02370666388857452,0.0237498
0.068460842,0.0542495625,0.0417834826,0.0301928351,0.0573901386,0.087465755,0.1296469645,0.1888869413,0.3419234785,0.023706529619852208,0.0237498
0.0675975726,0.0540394306,0.0416604531,0.0300009278,0.0570852029,0.0865818223,0.1286136297,0.1893756988,0.3450452623,0.02370645849217127,0.0237498
0.0673783362,0.0538989678,0.0415618028,0.0299267821,0.0569851346,0.086408837,0.1284574643,0.1895230879,0.3458595873,0.023706458216645784,0.0237498
0.068133246,0.0547244402,0.0420115854,0.0300667138,0.0571133978,0.0873586118,0.1298942191,0.1906300224,0.3400677635,0.023706598235105923,0.0237498
0.0686066205,0.0545370116,0.0420663565,0.0303923839,0.0576397443,0.0872213488,0.1289439581,0.1879973948,0.3425951815,0.02370652035056422,0.0237498
0.0679266015,0.0539238614,0.0416409029,0.0300434639,0.0568239951,0.086719528,0.1285242594,0.1862893065,0.3481080813,0.023706561789732215,0.0237498
0.0688421557,0.0545388793,0.042048196,0.0303823495,0.0577202619,0.0871681349,0.1295704746,0.189177172,0.3405523759,0.02370648438238868,0.0237498
0.0688063245,0.0546819897,0.0419162261,0.0302869435,0.0573830301,0.0865676154,0.1286796514,0.1884053908,0.3432728284,0.02370646412923429,0.0237498
0.0671138443,0.053555144,0.0411263979,0.0299252719,0.056791377,0.0866882082,0.1294926899,0.1887902667,0.3465168001,0.023706575864540405,0.0237498
0.0691154353,0.0549429743,0.0423428043,0.0304202725,0.0576797059,0.0872192487,0.1289438581,0.1883972788,0.3409384223,0.023706499716855647,0.0237498
0.0690987378,0.0551676799,0.0423077948,0.0305165085,0.058070167,0.0874382847,0.1298534376,0.1912401633,0.3363072264,0.023706561104278438,0.0237498
0.0689208261,0.054978918,0.0422065318,0.0304447276,0.057881068,0.0873296778,0.1296515907,0.1904885092,0.3380981507,0.02370651282698917,0.0237498
0.0676666323,0.0536663101,0.0414597295,0.0298965536,0.0572285424,0.086379524,0.1273261744,0.1897379202,0.3466386136,0.0237065936601092,0.0237498
0.0689430194,0.0549945061,0.0422337147,0.0304719813,0.0576078445,0.0874219645,0.1300703054,0.1886011084,0.3396555557,0.02370649294076303,0.0237498
0.0686651564,0.0543405456,0.0418562139,0.0302188982,0.0570878544,0.0866351993,0.1288819595,0.189756249,0.3425579238,0.023706452061872697,0.0237498
0.0686942044,0.0542971566,0.0418316546,0.0302061794,0.0570082279,0.0865458978,0.1288251949,0.1899139692,0.3426775152,0.023706458634063805,0.0237498
0.0686534307,0.0548427843,0.0421664083,0.0303652646,0.0574359141,0.0864246118,0.1284595853,0.1894010097,0.3422509913,0.023706445016741434,0.0237498
0.0686747008,0.0549086436,0.0422088625,0.0303843742,0.0574409038,0.0863090702,0.1283279486,0.1894585079,0.3422869884,0.023706451900746717,0.0237498
0.0685181383,0.0546232028,0.0419060198,0.0301600128,0.0571417903,0.0864918799,0.1290546369,0.190599319,0.3415050001,0.02370642651599149,0.0237498
0.0685083257,0.0546327419,0.0418882945,0.0301343189,0.0570866412,0.0864114734,0.1290672714,0.1908873768,0.3413835563,0.023706429876308062,0.0237498
0.0681126,0.0541004855,0.0416977579,0.0300432233,0.0567329731,0.0861945003,0.1282109809,0.1881315147,0.3467759643,0.023706436297155194,0.0237498
0.0676981365,0.0539519101,0.0414200425,0.0299851763,0.0567272903,0.0860804839,0.1287594978,0.1901674384,0.3452100242,0.02370641880932324,0.0237498
0.067541027,0.0538420218,0.0413177069,0.0299368758,0.0566216338,0.0859539386,0.1287390929,0.1903637287,0.3456839745,0.023706424981017913,0.0237498
0.0675955255,0.0536707057,0.0413494121,0.0298261829,0.0566046439,0.0855828937,0.1273478778,0.1903095263,0.3477132321,0.023706425354608773,0.0237498
0.0674162843,0.0539304625,0.0413775891,0.0297908082,0.0562419727,0.0854793242,0.1273474961,0.18998903,0.348427033,0.02370644258112203,0.0237498
0.0684509607,0.0544510034,0.0418458408,0.0301665338,0.0571202898,0.0858800071,0.1284309676,0.189230219,0.3444241778,0.02370638870816243,0.0237498
0.0685305254,0.0545010073,0.0418795613,0.0301887278,0.0571634557,0.0858074555,0.1284480625,0.1891504514,0.3443307531,0.023706389989035105,0.0237498
0.0673046325,0.0537217217,0.0414580205,0.0298210374,0.0564136908,0.0856958188,0.127977046,0.1909490334,0.3466589989,0.023706414188099795,0.0237498
0.0687117593,0.0544627394,0.0417881366,0.0301565468,0.0566829262,0.0856950699,0.1280917971,0.1901527274,0.3442582972,0.023706450513221206,0.0237498
0.067436618,0.0540490862,0.0414787449,0.0298507711,0.0564897473,0.0852586489,0.1274907048,0.1900076064,0.3479380724,0.023706408351136618,0.0237498
0.0671049657,0.0538341907,0.0414779143,0.0298448829,0.0568521442,0.0861024238,0.1281473456,0.1895785687,0.3470575641,0.023706465514169918,0.0237498
0.0683727753,0.0543302539,0.0417227164,0.0300908083,0.0567187316,0.0857811513,0.1281033588,0.1900313551,0.3448488494,0.023706412218563594,0.0237498
0.0671034558,0.0533415427,0.0410018177,0.029575869,0.0559401199,0.0852305691,0.127700605,0.1904704907,0.34963553,0.023706399390233668,0.0237498
0.0682702701,0.0541224487,0.0417065091,0.0301021939,0.0570662731,0.0861195985,0.1288909589,0.1899900482,0.3437316994,0.023706388107880658,0.0237498
0.0683651369,0.0541436921,0.0417430358,0.0301367373,0.057157807,0.0861907007,0.129062552,0.1899899588,0.3432103795,0.02370639558959542,0.0237498
0.0676106298,0.0539576692,0.0413893245,0.0298634231,0.0566496584,0.0853903609,0.1281789353,0.192248894,0.3447111049,0.02370641782734648,0.0237498
0.0670008817,0.053285733,0.041064667,0.0296797911,0.0561305779,0.0848440161,0.1271390259,0.1901593233,0.3506959839,0.02370640364762113,0.0237498
0.0677927896,0.0541544204,0.0415590004,0.0299817711,0.0565630156,0.0855908686,0.1288035326,0.1904159868,0.3451386149,0.023706374784544997,0.0237498
0.0678147794,0.0542084772,0.0415824285,0.0299990927,0.0565584171,0.0855910157,0.1289656695,0.1904276891,0.3448524308,0.023706379859142142,0.0237498
0.0677108415,0.0539174544,0.041518978,0.029821746,0.0564039114,0.0849837197,0.1273989681,0.1906133852,0.3476309957,0.023706383414022574,0.0237498
0.0678213416,0.0539024314,0.041579109,0.029934442,0.0564261471,0.0855851024,0.1278049362,0.1881537165,0.3487927738,0.023706414531178523,0.0237498
0.0677890162,0.0539109709,0.0415499187,0.0299235335,0.0564604374,0.0855550709,0.1278622759,0.1887832155,0.348165561,0.023706391925673757,0.0237498
0.0682363976,0.0541817979,0.0415304293,0.0299998756,0.0566740378,0.0852457215,0.1279829512,0.1889816353,0.3471671538,0.023706397534079885,0.0237498
0.0671338053,0.0535380236,0.0412220009,0.0297088433,0.0563579012,0.085041251,0.1278289973,0.1896699706,0.3494992069,0.023706356938136147,0.0237498
0.0669956281,0.0534496021,0.0411661573,0.029666231,0.0563175485,0.0849586839,0.1277987633,0.1896293322,0.3500180536,0.023706359434063726,0.0237498
0.0680054035,0.0537065233,0.0414095816,0.0299180883,0.0565581381,0.0855167312,0.1285187676,0.18961836,0.3467484065,0.02370638461389813,0.0237498
0.0686661326,0.0545655311,0.0419016162,0.030142529,0.0570135006,0.0860826268,0.1291790464,0.1893458764,0.3431031409,0.023706380775720477,0.0237498
0.0689125946,0.0547832172,0.0421660269,0.0303735595,0.0574447166,0.0858853684,0.1289454999,0.1887826318,0.3427063851,0.02370640413633698,0.0237498
0.0674845844,0.0536453054,0.041247073,0.0297439441,0.0562571346,0.0853689078,0.1279629682,0.1901145056,0.3481755769,0.023706372356162644,0.0237498
0.0676093849,0.0538210146,0.0415718039,0.0298911033,0.0566149953,0.0858955168,0.1286554102,0.1905250421,0.3454157289,0.0237063789647159,0.0237498
0.0679025274,0.0539911936,0.041553571,0.0299418103,0.05666155,0.0856086573,0.1284075664,0.1899474133,0.3459857106,0.023706356633575777,0.0237498
